관리번호,정류장명,경도,위도,관리기관,정류장번호,총 배차건수,정류소 위치
250001192,만천3리,127.77513,37.8761,춘천,1359,9,동면
250001193,산림조합강원본부,127.75365,37.88724,춘천,1002,107,후평1동
250001194,산림조합강원본부,127.75322,37.88699,춘천,1003,106,후평1동
250001195,발산3리,127.74599,37.95911,춘천,1004,7,신북읍
250001196,발산1리,127.7463,37.95331,춘천,1005,7,신북읍
250001197,운전면허시험장,127.75073,37.94753,춘천,1006,11,신북읍
250001198,소양강댐주차장,127.80195,37.93833,춘천,1007,48,신북읍
250001199,직업능력개발센터,127.73946,37.91202,춘천,1008,79,신사우동
250001200,월곡리,127.7982,37.91746,춘천,1009,12,동면
250001201,감정리,127.78678,37.90376,춘천,1010,,동면
250001202,농협강원지역본부,127.72308,37.87707,춘천,1011,494,약사명동
250001203,후평3동우체국,127.75268,37.87244,춘천,1012,95,후평1동
250001204,부안주유소,127.75247,37.87243,춘천,1013,94,후평2동
250001205,후평중학교,127.74838,37.87733,춘천,1014,77,후평2동
250001206,주공7단지,127.75105,37.87554,춘천,1015,48,후평2동
250001207,주공7단지,127.75116,37.87572,춘천,1016,48,후평2동
250001208,주공6단지,127.74887,37.87433,춘천,1017,48,후평2동
250001209,주공6단지,127.74837,37.87422,춘천,1018,48,효자3동
250001210,주공5단지,127.74691,37.87346,춘천,1019,48,효자3동
250001211,후평동종점,127.74863,37.89293,춘천,1020,554,후평1동
250001212,후평동종점,127.74874,37.89376,춘천,1021,553,후평1동
250001213,후평주공4단지후문,127.75763,37.87492,춘천,1022,146,후평3동
250001214,후평주공4단지 후문,127.75778,37.87495,춘천,1023,124,후평3동
250001215,후평주공4단지,127.75696,37.87624,춘천,1024,151,후평3동
250001216,대우아파트,127.75709,37.87624,춘천,1025,151,후평3동
250001217,후평3동주민센터,127.75371,37.87624,춘천,1026,103,후평3동
250001218,후평3동주민센터,127.7548,37.87646,춘천,1027,102,후평3동
250001219,후동리,127.6221,37.7462,춘천,1028,10,남면
250001220,후동리,127.62018,37.74805,춘천,1029,10,남면
250001221,후동리,127.62402,37.75749,춘천,1030,10,남면
250001222,소주고개,127.62681,37.7603,춘천,1031,10,남면
250001223,후동리,127.62009,37.74793,춘천,1032,10,남면
250001224,후동리,127.62196,37.74616,춘천,1033,10,남면
250001225,후동2리입구,127.63426,37.74274,춘천,1034,6,남면
250001226,후동2리입구,127.63433,37.74264,춘천,1035,6,남면
250001227,후동2리,127.63075,37.74684,춘천,1036,,남면
250001228,후동,127.61969,37.75097,춘천,1037,9,남면
250001229,중부지구대,127.73832,37.87541,춘천,1038,155,효자2동
250001230,중부지구대,127.73787,37.87579,춘천,1039,127,효자3동
250001231,발산1리,127.59631,37.73018,춘천,1040,15,남면
250001232,황골,127.59612,37.73002,춘천,1041,15,신북읍
250001233,화목원,127.72494,37.92214,춘천,1042,32,신사우동
250001234,화목원,127.72328,37.92221,춘천,1043,32,신사우동
250001235,화광사,127.64028,37.74512,춘천,1044,5,남면
250001236,화광사,127.64052,37.74504,춘천,1045,5,남면
250001237,호반체육관,127.75526,37.86541,춘천,1046,50,석사동
250001238,우석중학교,127.75522,37.86557,춘천,1047,56,석사동
250001239,호반아파트,127.71945,37.89005,춘천,1048,,근화동
250001240,호반아파트,127.71969,37.89015,춘천,1049,12,근화동
250001241,호반동주민센터,127.72339,37.89231,춘천,1050,,
250001242,형제기업,127.75091,37.88765,춘천,1051,73,후평1동
250001243,혈동2리종점,127.68748,37.78532,춘천,1052,7,신동면
250001244,혈동2리마을회관,127.68504,37.78785,춘천,1053,7,신동면
250001245,혈동2리마을회관,127.68514,37.7879,춘천,1054,7,신동면
250001246,혈동2리,127.68656,37.79391,춘천,1055,7,신동면
250001247,혈동2리,127.68679,37.79427,춘천,1056,7,신동면
250001248,혈동1리종점,127.69994,37.77153,춘천,1057,4,신동면
250001249,혈동1리입구,127.7138,37.7707,춘천,2402,9,신동면
250001250,혈동1리입구,127.7139,37.7705,춘천,2403,9,신동면
250001251,현암리,127.68737,37.8889,춘천,1060,5,서면
250001252,현암리,127.68361,37.885,춘천,1061,7,서면
250001253,현암리,127.6775,37.87683,춘천,1062,7,서면
250001254,현암리,127.67768,37.87687,춘천,1063,7,서면
250001255,현암리,127.68375,37.88496,춘천,1064,7,서면
250001256,현암리,127.68755,37.88887,춘천,1065,5,서면
250001257,강원도재활병원,127.73827,37.90355,춘천,1066,56,신사우동
250001258,현대3차,127.75184,37.88107,춘천,1067,1,후평3동
250001259,현대3차,127.75223,37.88109,춘천,1068,2,후평3동
250001260,신촌2리,127.76646,37.847,춘천,1069,11,동내면
250001261,신촌2리,127.7664,37.84713,춘천,1070,18,동내면
250001262,향교,127.73466,37.8815,춘천,1071,131,교동
250001263,향교,127.73514,37.88177,춘천,1072,133,교동
250001264,행촌리,127.67823,37.74212,춘천,1073,3,남산면
250001265,행촌리,127.67871,37.74214,춘천,1074,3,남산면
250001266,디아펠리즈,127.72469,37.8707,춘천,1075,113,효자1동
250001267,율문2리,127.75572,37.9269,춘천,1076,81,신북읍
250001268,율문2리,127.75584,37.92709,춘천,1077,79,신북읍
250001269,항공대정문,127.76167,37.92929,춘천,1078,78,신북읍
250001270,항공대정문,127.76178,37.92947,춘천,1079,79,신북읍
250001271,할렐루야기도원,127.77217,37.79398,춘천,1080,24,동산면
250001272,할렐루야기도원,127.77274,37.79465,춘천,1081,25,동산면
250001273,장애인종합복지관,127.75552,37.84698,춘천,1082,116,동내면
250001274,장애인종합복지관,127.7553,37.84742,춘천,1083,107,동내면
250001275,한림대학교,127.73725,37.88316,춘천,1084,141,교동
250001276,한국토지주택공사,127.72922,37.86925,춘천,1085,130,효자1동
250001277,한국전력,127.74863,37.8835,춘천,1086,274,후평1동
250001278,한국전력,127.74892,37.88354,춘천,1087,274,후평1동
250001279,한국은행,127.72859,37.88225,춘천,1088,108,소양동
250001280,한계울마을,127.72778,37.9403,춘천,1089,9,신사우동
250001281,한계울마을,127.72757,37.94024,춘천,1090,9,신사우동
250001282,학곡리종점,127.7603,37.83486,춘천,1091,129,동내면
250001283,학곡리종점,127.76041,37.83501,춘천,1092,144,동내면
250001284,하일종점,127.75496,37.91395,춘천,1093,7,동면
250001285,하일입구,127.75166,37.90158,춘천,1094,,동면
250001286,하일입구,127.75162,37.90152,춘천,1095,2,동면
250001287,하이마트,127.73888,37.85607,춘천,1096,90,석사동
250001288,하이마트,127.73919,37.85607,춘천,1097,90,석사동
250001289,하사관주택,127.70712,37.86456,춘천,1098,28,강남동
250001290,하사관주택,127.70695,37.86503,춘천,1099,16,강남동
250001291,율문3리,127.76536,37.92992,춘천,1100,82,신북읍
250001292,포스코더샵아파트,127.74948,37.88061,춘천,1101,73,후평3동
250001293,포스코더샵아파트,127.74675,37.8817,춘천,1102,295,후평1동
250001294,포스코더샵아파트,127.74696,37.88157,춘천,1103,326,후평2동
250001295,포스코더샵아파트,127.7485,37.88162,춘천,1104,130,후평3동
250001298,팔미쉼터,127.70383,37.82162,춘천,1105,13,신동면
250001299,팔미3리,127.69825,37.81379,춘천,1106,7,신동면
250001300,팔미3리,127.69635,37.80964,춘천,1107,7,신동면
250001301,팔미리,127.69817,37.81387,춘천,1108,7,신동면
250001302,팔미1리,127.70436,37.82161,춘천,1109,13,신동면
250001303,퇴계동원예농협,127.74443,37.85149,춘천,1110,26,석사동 
250001304,투탑시티,127.74413,37.85054,춘천,1111,93,퇴계동
250001305,퇴계현대1차,127.72502,37.85858,춘천,1112,102,퇴계동
250001306,퇴계현대1차,127.72643,37.85792,춘천,1113,95,퇴계동
250001307,한진한성,127.72313,37.85945,춘천,1114,95,강남동
250001308,퇴계한주아파트입구,127.734,37.851,춘천,1115,,퇴계동
250001309,가족보건원,127.73544,37.8509,춘천,1116,114,퇴계동
250001310,퇴계한주아파트,127.73898,37.84919,춘천,1117,115,퇴계동
250001311,퇴계한주아파트,127.7346,37.8512,춘천,,,퇴계동
250001312,퇴계주공9차,127.74083,37.84767,춘천,1119,66,퇴계동
250001313,퇴계주공7단지,127.74092,37.84784,춘천,1120,93,퇴계동
250001314,퇴계주공6차아파트,127.74079,37.85115,춘천,1121,43,퇴계동
250001315,퇴계주공6차,127.74157,37.85142,춘천,1122,127,퇴계동
250001316,퇴계주공6차,127.74101,37.85122,춘천,1123,15,퇴계동
250001317,퇴계주공5차아파트,127.74057,37.85436,춘천,1124,68,석사동
250001318,퇴계주공4차,127.74545,37.85361,춘천,1125,76,석사동
250001319,퇴계주공4차,127.74608,37.85472,춘천,1126,99,석사동
250001320,퇴계주공3.4차,127.74472,37.85578,춘천,1127,73,석사동
250001321,퇴계주공3.4차,127.74437,37.85567,춘천,1128,48,석사동
250001322,퇴계주공2차,127.7371,37.85841,춘천,1129,32,퇴계동
250001323,퇴계주공1차,127.73698,37.85871,춘천,1130,32,퇴계동
250001324,퇴계우체국,127.72326,37.85962,춘천,1131,102,퇴계동
250001325,퇴계우성아파트,127.73021,37.85998,춘천,1132,198,퇴계동
250001326,퇴계동입구,127.72763,37.8593,춘천,1133,115,퇴계동
250001327,남부초교,127.72743,37.85931,춘천,1134,102,퇴계동
250001328,퇴계농공단지입구,127.73264,37.8474,춘천,1135,21,퇴계동
250001329,퇴계농공단지,127.73233,37.84712,춘천,1136,20,퇴계동
250001330,퇴계금호아파트,127.73881,37.84907,춘천,1137,105,퇴계동
250001331,토우시장,127.74738,37.88427,춘천,1138,140,후평1동
250001332,토우시장,127.74767,37.88312,춘천,1139,129,후평1동
250001333,태봉,127.6852,37.88759,춘천,1140,129,서면
250001334,탑말,127.69972,37.9464,춘천,1141,2,서면
250001335,탑말,127.69971,37.94627,춘천,1142,3,서면
250001336,크로바아파트,127.74408,37.8805,춘천,1143,320,후평1동
250001337,크로바아파트,127.74503,37.88071,춘천,1144,358,후평1동
250001338,칠전동고개,127.71367,37.83625,춘천,1145,15,신동면
250001339,칠전동고개,127.71404,37.83657,춘천,1146,15,신동면
250001340,칠전동,127.71413,37.84246,춘천,1147,15,강남동
250001341,칠전동사거리,127.71448,37.84142,춘천,1148,15,강남동
250001342,칠전대우아파트,127.7118,37.84417,춘천,1149,73,강남동
250001343,칠전대우아파트,127.71177,37.84436,춘천,1150,71,강남동
250001344,충렬탑입구,127.73935,37.91615,춘천,1151,69,신사우동
250001345,충렬탑입구,127.73914,37.91622,춘천,1152,69,신사우동
250001346,월드온천,127.75413,37.94934,춘천,1153,9,신북읍
250001347,월드온천,127.75408,37.94951,춘천,1154,9,신북읍
250001348,춘천초등학교,127.72096,37.87608,춘천,1155,543,약사명동
250001349,춘천시보건소,127.72084,37.87621,춘천,1156,504,소양동
250001350,미소지움아파트,127.71703,37.87404,춘천,1157,264,근화동
250001351,춘천중학교정문,127.7181,37.87398,춘천,1158,290,근화동
250001352,춘천중학교,127.71718,37.87487,춘천,1159,492,근화동
250001353,춘천중학교,127.71769,37.87527,춘천,1160,468,근화동
250001354,학곡2리,127.75865,37.8401,춘천,1161,123,동내면
250001355,학곡2리,127.75882,37.84021,춘천,1162,131,동내면
250001356,현진에버빌3차,127.72986,37.87507,춘천,1163,80,조운동
250001357,춘천역,127.7177,37.885,춘천,1164,78,근화동
250001358,춘천시청별관,127.73258,37.88164,춘천,1165,131,교동
250001359,춘천시청별관,127.73294,37.88147,춘천,1166,131,교동
250001360,춘천한샘후문,127.75166,37.92758,춘천,1167,15,신북읍
250000003,성우오스타아파트,127.7548,37.85635,춘천,1168,82,동내면
250000004,거두리주공아파트,127.75944,37.85686,춘천,1169,75,동내면
250000005,강원지방경찰청,127.75865,37.86255,춘천,1170,71,동내면
250000006,강원지방경찰청,127.75844,37.86249,춘천,1171,71,동내면
250000010,지내1리(옥광산입구),127.78235,37.91627,춘천,1172,9,동면
250000011,창촌3리입구,127.64391,37.77665,춘천,1173,4,남산면
250000138,산수리,127.64644,37.68338,춘천,1174,3,남산면
250000139,산수리,127.64436,37.68636,춘천,1175,3,남산면
250000823,부사원리,127.83198,37.74002,춘천,1176,,
250000993,서천리입구,127.55183,37.84081,춘천,1177,1,남산면
250000994,방동2리입구(보건소),127.68063,37.89609,춘천,1178,13,서면
250000995,월송1리,127.68736,37.93028,춘천,1179,2,서면
250000996,월송2리,127.68958,37.92309,춘천,1180,4,서면
250000997,신매1리,127.7026,37.93602,춘천,1181,3,서면
250000998,삼악산,127.67424,37.83739,춘천,1182,56,서면
250000999,과수원마을입구,127.70402,37.9112,춘천,1183,23,서면
250001000,싸이클경기장,127.69225,37.86915,춘천,1184,9,강남동
250001001,덕만리(혈동1리입구),127.7131,37.7703,춘천,2403,19,신동면
250001002,동면치안센터,127.78102,37.90445,춘천,1870,32,동면
250001003,수동1리,127.6729,37.77401,춘천,1187,6,남산면
250001004,당림삼거리,127.61002,37.84117,춘천,1188,6,서면
250001005,강촌리,127.62148,37.80294,춘천,1189,16,남산면
250001006,봉명2리,127.81121,37.77328,춘천,1190,4,동산면
250001012,동산면사무소,127.79596,37.7538,춘천,1191,,
250001013,동산면사무소,127.79571,37.7538,춘천,1192,6,동산면
250001014,모래재,127.76588,37.7677,춘천,1816,14,동산면
250001015,조양1리,127.81156,37.75617,춘천,1194,8,동산면
250001016,부사원고개,127.82278,37.75149,춘천,1195,8,동산면
250001017,조양3리,127.82926,37.74303,춘천,1196,8,동산면
250001018,조양4리,127.7728,37.76066,춘천,1197,15,동산면
250001019,새술막,127.75697,37.78604,춘천,1198,6,동산면
250001020,오탄리종점,127.60286,38.05092,춘천,1199,4,사북면
250001021,고탄입구,127.67464,37.96603,춘천,1200,12,신북읍
250001022,눈썰매장입구,127.59891,37.97506,춘천,1201,1,사북면
250001023,지암리(물레방아민박),127.60207,37.97769,춘천,1202,1,사북면
250001024,지암리(4),127.60433,37.97951,춘천,1203,1,사북면
250001025,지암리(3),127.61625,37.98287,춘천,1204,1,사북면
250001026,가족쉼터,127.62895,37.97694,춘천,1205,1,사북면
250001027,오월교입구,127.64462,37.98383,춘천,1206,4,서면
250001028,고성2리,127.72482,37.99288,춘천,1207,6,사북면
250001029,고성2리,127.73634,37.99948,춘천,1208,6,사북면
250001030,고성2리(용화산입구),127.73537,37.99464,춘천,1209,6,사북면
250001031,고성2리(초설),127.73377,37.99201,춘천,1210,6,사북면
250001032,고성2리(드림파크모텔),127.73042,37.99224,춘천,1211,6,사북면
250001033,고탄리,127.71363,37.98888,춘천,1212,6,사북면
250001034,송암리,127.70197,37.98842,춘천,1213,6,사북면
250001035,송암리마을회관,127.68628,37.99546,춘천,1214,6,사북면
250001036,송암리(인삼밭),127.68969,38.00121,춘천,1215,6,사북면
250001037,송암리(은재된장),127.68322,37.99573,춘천,1216,6,사북면
250001038,송암리(밤나무),127.67723,37.99685,춘천,1217,6,사북면
250001039,인람리(1),127.67165,37.99581,춘천,1218,6,사북면
250001040,인람리(2),127.66544,37.99536,춘천,1219,6,사북면
250001041,송암리(은재된장),127.68342,37.99584,춘천,1220,6,사북면
250001042,송암리(밤나무),127.67716,37.99707,춘천,1221,6,사북면
250001043,인람리(1),127.67031,37.99542,춘천,1222,6,사북면
250001044,인람리(2),127.66544,37.99559,춘천,1223,6,사북면
250001045,인람리(하우스),127.65942,37.99102,춘천,1224,6,사북면
250001046,송암삼거리,127.69088,37.993,춘천,1225,6,사북면
250001047,해피초원목장,127.69209,37.98012,춘천,1226,6,사북면
250001048,올미,127.7369,37.92801,춘천,1227,5,신사우동
250001049,올미,127.73673,37.92778,춘천,1228,5,신사우동
250001050,춘천국군병원,127.72778,37.93677,춘천,1229,14,신사우동
250001051,지내2리,127.7235,37.95765,춘천,1230,,신북읍
250001052,지내보건소,127.73023,37.95809,춘천,1231,9,신북읍
250001053,거두리사거리,127.79021,37.8614,춘천,1232,20,동내면
250001054,거두리사거리,127.79037,37.86138,춘천,1233,14,동내면
250001055,신촌리종점,127.78014,37.85401,춘천,1234,14,동내면
250001056,고은리입구,127.7745,37.84893,춘천,1235,9,동내면
250001057,사암1리,127.76854,37.83104,춘천,1236,12,동내면
250001058,천리터,127.89632,37.98372,춘천,1237,5,북산면
250001059,추곡1리,127.88076,38.01343,춘천,1238,5,북산면
250001060,추곡(낚시터),127.87707,38.03338,춘천,1239,5,북산면
250001061,추곡터널,127.86861,38.03491,춘천,1240,5,북산면
250001062,발산1리,127.74751,37.95111,춘천,1241,7,신북읍
250001065,가정1리마을회관,127.57256,37.7412,춘천,1242,8,남면
250001066,가정초교,127.5728,37.74002,춘천,1243,3,남면
250001067,후동리,127.61982,37.75094,춘천,1244,4,남면
250001068,후동리,127.62377,37.75752,춘천,1245,4,남면
250001069,소주고개쉼터,127.62658,37.76034,춘천,1246,4,남면
250001070,발산2리(치안센터),127.62456,37.73887,춘천,1247,5,남면
250001071,가정진료소,127.57568,37.73445,춘천,1248,8,남면
250001072,발산2리(치안센터),127.62473,37.73909,춘천,1249,5,남면
250001073,새술막,127.76007,37.78784,춘천,,,
250001074,광판삼거리,127.7102,37.7435,춘천,2490,5,남산면
250001075,탑골,127.70918,37.75164,춘천,1252,5,남산면
250001077,정족1리입구,127.73133,37.84328,춘천,1253,20,신동면
250001078,정족1리,127.73104,37.83633,춘천,1254,5,신동면
250001079,증2리,127.70917,37.80906,춘천,1255,11,신동면
250001080,금병초교,127.71089,37.81477,춘천,1256,11,신동면
250001081,증1리,127.70898,37.8142,춘천,1257,12,신동면
250001082,정족1리,127.7308,37.83629,춘천,1258,5,신동면
250001083,정족1리입구,127.73114,37.84324,춘천,1259,5,신동면
250001084,조양2리,127.7959,37.74593,춘천,1260,5,동산면
250001085,조양2리,127.79598,37.74588,춘천,1261,6,동산면
250001086,조양2리,127.79634,37.74042,춘천,1262,5,동산면
250001087,조양2리,127.79642,37.74009,춘천,1263,6,동산면
250001089,상걸2리,127.84817,37.86378,춘천,1264,3,동면
250001090,상걸2리,127.84825,37.86391,춘천,1265,8,동면
,상걸리보건진료소,127.83999,37.86617,춘천,,8,동면
,상걸리보건진료소,127.84023,37.86635,춘천,,6,동면
,안보리,127.56679,37.84277,춘천,,1,서면
,강촌1리삼거리,127.63595,37.80896,춘천,,15,남산면
,창촌1리,127.65046,37.78478,춘천,,11,남산면
,창촌1리,127.65043,37.78508,춘천,,11,남산면
,창촌3리,127.62862,37.77738,춘천,,7,남산면
,창촌3리,127.62855,37.7773,춘천,,7,남산면
,후동1리,127.62217,37.75472,춘천,,6,남면
,박암리,127.53387,37.7259,춘천,,5,남면
,박암리,127.53405,37.72594,춘천,,5,남면
,박암리,127.5458,37.724,춘천,,5,남면
,박암리,127.5458,37.7239,춘천,,5,남면
,박암리,127.54571,37.7237,춘천,,5,남면
,가정3리,127.57495,37.76118,춘천,,5,남면
,가정3리,127.57503,37.76105,춘천,,5,남면
,강원학생교육원,127.57588,37.73465,춘천,,5,남면
,우러니입구,127.69137,37.73592,춘천,,2,남산면
,광판1리,127.70472,37.73181,춘천,,6,남산면
,광판1리,127.70461,37.73189,춘천,,6,남산면
,정보화마을,127.69658,37.73105,춘천,,2,남산면
,정보화마을,127.69669,37.73114,춘천,,2,남산면
,양지마을,127.69318,37.73432,춘천,,2,동면
,수동1리,127.6765,37.77349,춘천,,7,남산면
,수동1리,127.67274,37.7739,춘천,,7,남산면
,혈동2리,127.6912,37.79902,춘천,,7,신동면
,팔미3리,127.69999,37.81721,춘천,,7,신동면
,팔미3리,127.69992,37.81732,춘천,,7,신동면
,오항리,127.90092,37.97955,춘천,,6,북산면
,천리터,127.89647,37.98376,춘천,,6,북산면
,추곡터널,127.86793,38.03518,춘천,,6,북산면
,백양2리,127.57308,37.81409,춘천,,3,남산면
,백양2리,127.57299,37.814,춘천,,3,남산면
,백양2리,127.56958,37.81619,춘천,,3,남산면
,백양2리,127.56951,37.8165,춘천,,3,남산면
,백양1리,127.565,37.819,춘천,,3,남산면
,백양1리,127.56503,37.81891,춘천,,3,남산면
,당림리,127.59912,37.83402,춘천,,6,서면
,당림1리,127.61666,37.85339,춘천,,6,서면
,당림1리,127.61598,37.85102,춘천,,6,서면
,당림1리,127.61607,37.85097,춘천,,6,서면
,방동2리마을회관,127.67173,37.90486,춘천,,,서면
,방동1리,127.6805,37.89595,춘천,,8,서면
,인형극장,127.72189,37.92207,춘천,,14,사농동
,송암리,127.68982,38.00106,춘천,,6,사북면
,고성2리,127.73033,37.99246,춘천,,6,사북면
,해피초원목장,127.69175,37.98016,춘천,,6,사북면
,눈썰매장입구,127.598,37.97477,춘천,,5,사북면
,지암리,127.60217,37.97761,춘천,,5,사북면
,지암리,127.60439,37.97932,춘천,,5,사북면
,지암리,127.61635,37.98266,춘천,,5,사북면
,지암리,127.62906,37.97671,춘천,,5,사북면
,지암리,127.63234,37.97614,춘천,,5,사북면
,신포리,127.637,38.01951,춘천,,4,사북면
,신포리,127.63713,38.01945,춘천,,4,사북면
,원평리,127.63427,38.00358,춘천,,,사북면
,고탄입구,127.67465,37.96624,춘천,,18,사북면
,용산2리,127.68148,37.96041,춘천,,24,신북읍
,용산2리,127.68184,37.96037,춘천,,24,신북읍
,용산3리종점,127.7074,37.9465,춘천,,23,신북읍
,용산1리,127.7142,37.93913,춘천,,37,신북읍
,용산1리,127.71428,37.9393,춘천,,37,신북읍
,지내리,127.72506,37.95574,춘천,,8,신북읍
,국군병원,127.7277,37.93699,춘천,,13,신사우동
,성신양회,127.72016,37.88877,춘천,,54,근화동
,근화동노인회관,127.71419,37.87954,춘천,,,근화동
,휴먼시아2차아파트,127.735,37.8598,춘천,,31,퇴계동
,학곡리,127.76319,37.83238,춘천,,11,동내면
,원창고개입구,127.76307,37.83234,춘천,,83,동내면
,스무숲입구,127.74897,37.85052,춘천,,17,석사동
,투탑시티,127.7438,37.851,춘천,,94,퇴계동
,퇴계2우체국,127.74413,37.84985,춘천,,94,퇴계동
,퇴계우성아파트,127.7311,37.85983,춘천,,171,퇴계동
,로데오거리,127.74831,37.85505,춘천,,67,석사동
,증3리,127.72621,37.82784,춘천,,13,신동면
,증2리,127.70908,37.80909,춘천,,13,신동면
,광판2리,127.70779,37.75676,춘천,,3,남산면
,탑골,127.70863,37.74988,춘천,,3,남산면
,군자리,127.7185,37.74663,춘천,,1,동산면
,군자리,127.71961,37.74724,춘천,,1,동산면
,군자3리,127.7379,37.75409,춘천,,1,동산면
,군자3리,127.74009,37.75565,춘천,,1,동산면
,군자3리,127.74044,37.75565,춘천,,1,동산면
,군자3리,127.74794,37.75847,춘천,,1,동산면
,부사원고개,127.82263,37.75142,춘천,,5,동산면
,조양3리,127.8295,37.74318,춘천,,5,동산면
,봉명리,127.79383,37.75336,춘천,,5,동산면
,전인고등학교,127.75197,37.78754,춘천,,3,동산면
,새술막,127.76004,37.78799,춘천,,3,동산면
,만천3리,127.77542,37.87617,춘천,,26,동면
,춘천한샘후문,127.75154,37.92827,춘천,,17,신북읍
,춘천한샘고등학교,127.75205,37.92539,춘천,,60,신북읍
,춘천한샘고등학교,127.7511,37.92521,춘천,,60,신북읍
,춘천박물관후문,127.75281,37.86465,춘천,,51,석사동
,박물관입구,127.75269,37.86477,춘천,,57,석사동
,춘천박물관,127.75129,37.86365,춘천,,6,석사동
,박물관앞,127.75089,37.86354,춘천,,6,석사동
,춘천댐종점,127.66654,37.97423,춘천,,18,서면
,춘천댐종점,127.66642,37.97401,춘천,,18,서면
,춘천댐,127.67119,37.96806,춘천,,18,서면
,춘천농협,127.72328,37.88365,춘천,,118,소양동
,춘천농협,127.72337,37.88446,춘천,,129,소양동
,소양고등학교,127.72374,37.90775,춘천,,96,신사우동
,소양고등학교,127.72351,37.90781,춘천,,98,신사우동
,기계공고,127.74616,37.8905,춘천,,163,후평1동
,후평1동,127.74868,37.89249,춘천,,,후평1동
,춘천기계공고,127.74893,37.89111,춘천,,444,후평1동
,기계공고,127.74908,37.89145,춘천,,263,후평1동
,신동삼거리,127.72541,37.93503,춘천,,13,신사우동
,신동삼거리,127.72444,37.93483,춘천,,13,신사우동
,춘천교도소입구,127.7555,37.84889,춘천,,15,동내면
,춘천교도소입구,127.75555,37.849,춘천,,29,동내면
,춘천교도소,127.75828,37.84883,춘천,,15,동내면
,교육대학교,127.7464,37.85823,춘천,,89,석사동
,교육대학교,127.7471,37.85718,춘천,,97,석사동
,천전1리,127.78427,37.94462,춘천,,6,신북읍
,천전1리,127.78422,37.94422,춘천,,7,신북읍
,춘천경찰서,127.72427,37.86961,춘천,,24,효자1동
,추곡초교,127.88316,38.02421,춘천,,5,북산면
,추곡초교,127.88333,38.02428,춘천,,5,북산면
,추곡약수터,127.88815,38.03586,춘천,,5,북산면
,추곡리2반,127.65345,37.74728,춘천,,7,북산면
,추곡리2반,127.6535,37.74752,춘천,,7,북산면
,추곡리,127.88297,38.0274,춘천,,5,북산면
,추곡리,127.88309,38.02754,춘천,,5,북산면
,추곡리,127.65293,37.74995,춘천,,7,북산면
,추곡1리,127.65319,37.74964,춘천,,5,북산면
,추곡리,127.65048,37.74473,춘천,,5,북산면
,추곡3거리,127.65049,37.74485,춘천,,5,북산면
,추곡1리1반,127.88114,38.02006,춘천,,5,북산면
,추곡1리,127.88109,38.01953,춘천,,5,북산면
,추곡1리,127.88095,38.0135,춘천,,5,북산면
,추곡,127.87726,38.03353,춘천,,5,북산면
,초원낚시터,127.69447,37.98161,춘천,,5,사북면
,고탄낚시터,127.694,37.98155,춘천,,6,사북면
,청와아파트,127.71365,37.88122,춘천,,38,근화동
,청실아파트,127.75833,37.87338,춘천,,134,근화동
,청실아파트,127.75856,37.87322,춘천,,134,근화동
,청소년야영장,127.88139,37.99323,춘천,,6,북산면
,청소년야영장,127.88144,37.99337,춘천,,6,북산면
,청소년수련관,127.72023,37.92216,춘천,,114,신사우동
,청소년수련관,127.72031,37.92206,춘천,,114,신사우동
,청구/동아아파트,127.75432,37.87004,춘천,,58,석사동
,동아/청구아파트,127.75433,37.87026,춘천,,58,석사동
,천전삼거리,127.78167,37.93015,춘천,,1,신북읍
,상천초등학교,127.78535,37.92981,춘천,,68,신북읍
,천전3리,127.78031,37.9298,춘천,,68,신북읍
,천전3리,127.78027,37.92991,춘천,,68,신북읍
,춘천국유림관리소,127.77356,37.93044,춘천,,70,신북읍
,춘천국유림관리소,127.77281,37.93037,춘천,,70,신북읍
,천전1리,127.77521,37.93721,춘천,,5,신북읍
,천전1리,127.7754,37.93717,춘천,,7,신북읍
,천일주유소,127.77995,37.75704,춘천,,7,동산면
,강촌1리회관,127.63656,37.80833,춘천,,18,남산면
,창촌중학교,127.63647,37.80813,춘천,,18,남산면
,창촌2리마을회관,127.64638,37.78336,춘천,,13,남산면
,창촌2리마을회관,127.6466,37.78419,춘천,,14,남산면
,창촌3리종점,127.62608,37.7767,춘천,,6,남산면
,창촌3리입구,127.64404,37.77659,춘천,,13,남산면
,창촌3리입구,127.64375,37.77647,춘천,,6,남산면
,방동1리,127.67269,37.896,춘천,,11,서면
,방동1리,127.67023,37.89701,춘천,,11,서면
,방동1리,127.66765,37.89848,춘천,,11,서면
,방동1리,127.66762,37.89841,춘천,,11,서면
,방동1리,127.67012,37.89697,춘천,,11,서면
,방동1리,127.67276,37.8959,춘천,,11,서면
,방동1리,127.67526,37.89567,춘천,,11,서면
,방곡리,127.6377,37.8028,춘천,,19,남산면
,방곡리,127.63755,37.80283,춘천,,19,남산면
,방곡2리회관,127.63587,37.79139,춘천,,6,남산면 
,방곡2리회관,127.63585,37.79127,춘천,,6,남산면
,고성2리,127.73335,37.99216,춘천,,6,사북면
,고탄리,127.71325,37.98897,춘천,,6,사북면
,안보1리,127.58463,37.83593,춘천,,7,서면
,안보1리,127.58439,37.83576,춘천,,6,서면
,경강역,127.55039,37.84269,춘천,,1,남산면
,경강역,127.55039,37.84259,춘천,,1,남산면
,거두부영아파트,127.75209,37.85597,춘천,,73,동내면
,거두부영아파트,127.75486,37.85614,춘천,,82,동내면
,거두마을회관,127.76251,37.8613,춘천,,3,동내면
,거두마을회관,127.76257,37.8612,춘천,,82,동내면
,거두2리,127.78333,37.8604,춘천,,17,동내면
,거두2리,127.77795,37.86041,춘천,,9,동내면
,거두2리,127.77811,37.86028,춘천,,17,동내면
,거두2리,127.78344,37.86037,춘천,,9,동내면
,거두1리,127.76712,37.86199,춘천,,3,동내면
,거두1리,127.76727,37.86204,춘천,,72,동내면
,탑동마을,127.57602,37.83781,춘천,,6,서면
,강촌입구,127.63423,37.81838,춘천,,7,신동면
,강촌입구,127.6343,37.8186,춘천,,6,신동면
,강촌유원지,127.63361,37.81361,춘천,,32,서면
,강촌유원지,127.63365,37.81339,춘천,,32,서면
,(구)강촌역,127.6327,37.8156,춘천,,28,남산면
,(구)강촌역,127.6326,37.8154,춘천,,28,남산면
,강촌리,127.63165,37.8066,춘천,,26,남산면
,강촌리,127.6188,37.79905,춘천,,14,남산면
,강촌리,127.62137,37.80284,춘천,,14,남산면
,강촌리,127.63184,37.80666,춘천,,14,남산면
,강촌검문소,127.62263,37.82571,춘천,,6,남산면
,강촌검문소,127.6222,37.82565,춘천,,7,남산면
,강촌1리4반,127.62947,37.80521,춘천,,14,남산면
,강촌1리4반,127.62958,37.80516,춘천,,14,남산면
,거두1리,127.76004,37.85951,춘천,,3,동내면
,거두1리,127.75984,37.85953,춘천,,72,동내면
,강원일보,127.72851,37.88255,춘천,,102,소양동
,강원대후문,127.74417,37.87276,춘천,,63,효자3동
,강원대후문,127.74425,37.87289,춘천,,63,효자3동
,강원대학병원,127.74313,37.87476,춘천,,73,효자3동
,강원대학병원,127.74292,37.87471,춘천,,73,효자3동
,병무청앞,127.73507,37.86554,춘천,,96,효자2동
,동면농협장학지점,127.75348,37.89171,춘천,,131,동면
,동면농협장학지점,127.75317,37.89177,춘천,,68,동면
,강원중학교,127.75587,37.89502,춘천,,76,동면
,강원고교,127.75593,37.89503,춘천,,57,동면
,애니고등학교,127.70055,37.90538,춘천,,17,서면
,애니고등학교,127.70064,37.90526,춘천,,17,서면
,감정2리회관,127.79139,37.90126,춘천,,18,동면
,감정2리,127.79235,37.90233,춘천,,3,동면
,감정2리,127.79245,37.90243,춘천,,7,동면
,감정1리마을회관,127.78992,37.89637,춘천,,19,동면
,가정리종점,127.57733,37.76332,춘천,,3,남면
,가정3리,127.5676,37.76066,춘천,,3,남면
,가정3리,127.56749,37.76075,춘천,,3,남면
,가정2리,127.57312,37.74812,춘천,,3,남면
,가정2리,127.57185,37.75332,춘천,,3,남면
,가정2리,127.57176,37.75324,춘천,,3,남면
,가정2리,127.5732,37.748,춘천,,3,남면
,가정1리,127.57926,37.7319,춘천,,3,남면
,가정1리,127.57901,37.73177,춘천,,3,남면
,가재골,127.61976,37.7368,춘천,,4,남면
,가재골,127.61987,37.73675,춘천,,4,남면
,팔호광장(EMI학원),127.73537,37.87559,춘천,,20,효자2동
,88공원,127.71502,37.85241,춘천,,38,온의동
,(구)102보충대,127.71221,37.94124,춘천,,48,신북읍
,(구)102보충대,127.7124,37.94078,춘천,,48,신북읍
,신한은행후평동지점,127.75044,37.87927,춘천,,120,후평3동
,충인교회,127.75001,37.87954,춘천,,119,후평2동
,창촌3리약수터,127.63149,37.77616,춘천,,6,남산면
,창촌3리약수터,127.6314,37.77609,춘천,,6,남산면
,창촌3리,127.64103,37.7715,춘천,,4,남산면
,창촌3리,127.64081,37.77154,춘천,,4,남산면
,창촌3거리,127.6482,37.78727,춘천,,20,남산면
,창촌3거리,127.64813,37.78712,춘천,,20,남산면
,창촌1리,127.64702,37.78957,춘천,,6,남산면
250001879,기와집골,127.63417,37.77607,춘천,1776,7,남산면
250001880,장학1리,127.76813,37.89842,춘천,1528,29,동면
250001881,장학1리,127.76799,37.89851,춘천,1527,18,동면
250001882,춘천역육교앞,127.71608,37.88563,춘천,1529,40,근화동
250001883,호반요양병원,127.7076,37.85834,춘천,1530,35,강남동
250001884,호반요양병원,127.70753,37.85767,춘천,1531,24,강남동
250001885,인성병원,127.72659,37.88109,춘천,1532,199,소양동
250001886,소양로우체국,127.72618,37.88108,춘천,1533,203,소양동
250001887,인람종점,127.65946,37.98567,춘천,1534,6,사북면
250001888,인람리,127.65958,37.99086,춘천,1535,6,사북면
250001889,의암치안센터,127.66999,37.85032,춘천,1536,13,서면
250001890,의암치안센터,127.67014,37.85037,춘천,1537,12,서면
250001891,송암스포츠타운입구,127.69323,37.84544,춘천,1538,84,강남동
250001892,송암스포츠타운입구,127.69232,37.84577,춘천,1539,63,강남동
250001893,의암리본마을,127.67943,37.83186,춘천,1540,10,신동면
250001894,의암리본마을,127.67937,37.83181,춘천,1541,7,신동면
250001895,의암류인석유적지,127.57221,37.74352,춘천,1542,8,남면
250001896,의암류인석유적지,127.5721,37.74341,춘천,1543,8,남면
250001897,의암댐,127.67719,37.83792,춘천,1544,60,서면
250001898,의암댐,127.6771,37.83776,춘천,1545,64,서면
250001899,의암공원,127.6696,37.82721,춘천,1546,50,서면
250001900,의암,127.68265,37.82685,춘천,1547,10,신동면
250001901,의암,127.68273,37.8267,춘천,1548,7,신동면
250001902,퇴계동입구,127.72053,37.86153,춘천,1549,106,퇴계동
250001903,퇴계동입구,127.71969,37.86195,춘천,1550,119,퇴계동
250001904,강원테크노파크,127.7514,37.93048,춘천,1551,18,신북읍
250001905,율문3리,127.76643,37.92984,춘천,1552,80,신북읍
250001906,강원테크노파크,127.75169,37.93053,춘천,1553,18,신북읍
250001907,율문1리,127.74383,37.92571,춘천,1554,35,신북읍
250001908,율문1리,127.74357,37.92584,춘천,1555,99,신북읍
250001909,천전2리,127.77003,37.93033,춘천,1385,5,신북읍
250001910,천전2리,127.76937,37.93046,춘천,1386,5,신북읍
250001911,육림랜드,127.72157,37.91618,춘천,1558,110,신사우동
250001912,육림공원,127.72119,37.91756,춘천,1559,113,신사우동
250001913,육림고개,127.73044,37.87721,춘천,1560,358,조운동
250001914,육림고개,127.73071,37.87717,춘천,1561,305,조운동
250001916,유포2리종점,127.77667,37.95236,춘천,1562,7,신북읍
250001917,유포리,127.77656,37.94932,춘천,1563,7,신북읍
250001918,유포리회관,127.77662,37.94913,춘천,1564,7,신북읍
250001919,유포3리입구,127.7517,37.93604,춘천,1565,18,신북읍
250001920,유포3리입구,127.7515,37.93507,춘천,1566,18,신북읍
250001921,유승한내들,127.73105,37.86189,춘천,1567,30,퇴계동
250001922,유승한내들,127.73137,37.86192,춘천,1568,30,퇴계동
250001923,윗샘밭종점,127.79306,37.93267,춘천,1569,66,신북읍
250001924,윗샘밭종점,127.79216,37.93244,춘천,1570,66,신북읍
250001925,위도입구,127.72122,37.92441,춘천,1571,60,신사우동
250001926,위도입구,127.721,37.92494,춘천,1572,64,신사우동
250001927,월송3리종점,127.67551,37.91704,춘천,1573,4,서면
250001928,월송2리입구,127.69654,37.91827,춘천,1574,4,서면
250001929,월송2리,127.68949,37.92294,춘천,1180,4,서면
250001930,월송1리,127.68734,37.93014,춘천,1576,4,서면
250001931,월곡리종점,127.80815,37.92262,춘천,1577,21,동면
250001932,월곡리,127.80165,37.91858,춘천,1578,21,동면
250001933,월곡리,127.80155,37.91855,춘천,1579,21,동면
250001934,원평리,127.63442,38.00363,춘천,,,사북면
250001935,샛강쉼터,127.6275,38.00193,춘천,1581,4,사북면
250001936,원평마을,127.63334,38.00274,춘천,1582,4,사북면
250001937,원평계곡,127.6444,37.99525,춘천,1583,4,사북면
250001938,원평계곡,127.64426,37.99489,춘천,1584,4,사북면
250001939,학곡리,127.75999,37.82565,춘천,1585,17,동내면
250001940,원창리입구,127.76041,37.82608,춘천,1586,29,동내면
250001941,원창고개,127.76878,37.81006,춘천,1587,24,동산면
250001942,원창고개,127.75922,37.81594,춘천,1588,25,동내면
250001943,원창고개,127.76861,37.80995,춘천,1589,17,동산면
250001944,원창고개,127.75921,37.81573,춘천,1590,23,동내면
250001945,원창5리,127.76445,37.7795,춘천,1591,17,동산면
250001946,원창5리,127.76449,37.78081,춘천,1592,24,동산면
250001947,원창4리,127.77007,37.80956,춘천,1593,17,동산면
250001948,원창3리,127.76418,37.78941,춘천,1594,24,동산면
250001949,원창3리,127.76394,37.78935,춘천,1595,17,동산면
250001950,원창2리,127.7736,37.80338,춘천,1596,17,동산면
250001951,폴리텍대학,127.7737,37.79736,춘천,1597,17,동산면
250001952,폴리텍대학,127.77401,37.79759,춘천,1598,24,동산면
250001953,원창2리,127.77365,37.80374,춘천,1599,24,동산면
250001954,원창1리,127.74999,37.78843,춘천,1600,3,동산면
250001955,원창1리,127.74998,37.78833,춘천,1601,3,동산면
250001956,봉명리,127.7823,37.76643,춘천,1602,3,동산면
250001957,원무골,127.76703,37.76659,춘천,1603,16,동산면
250001958,웃골1리,127.69392,37.95099,춘천,1604,2,서면
250001959,웃골1리,127.69454,37.95044,춘천,1605,8,서면
250001960,우석초교입구,127.75043,37.8663,춘천,1607,54,석사동
250001961,우석초교입구,127.75061,37.86621,춘천,,,석사동
250001962,우석초교,127.75018,37.865,춘천,1608,49,석사동
250001963,우석초교,127.751,37.86474,춘천,1609,54,석사동
250001964,그랜드아파트,127.75605,37.86696,춘천,1610,176,석사동
250001965,용산치안센터,127.67122,37.96817,춘천,1611,18,신북읍
250001966,용산리종점,127.70724,37.94622,춘천,1612,24,신북읍
250001967,용산3리,127.70734,37.94581,춘천,1613,26,신북읍
250001968,용산2리취수장,127.70055,37.95014,춘천,1614,24,신북읍
250001969,용산2리취수장,127.70098,37.94955,춘천,1615,26,신북읍
250001970,한강수력본부,127.67893,37.96252,춘천,1616,24,신북읍
250001971,한강수력본부,127.67859,37.96261,춘천,1617,26,신북읍
250001972,용산1리종점,127.71715,37.94838,춘천,,,
250001973,용산1리,127.71089,37.94281,춘천,1619,24,신북읍
250001974,용산1리,127.71066,37.94273,춘천,1620,26,신북읍
250001975,왕터연수원,127.56047,37.73122,춘천,1621,8,남면
250001976,왕터연수원,127.56059,37.7312,춘천,1622,8,남면
250001978,올미종점,127.7374,37.92627,춘천,1623,5,신사우동
250001979,올미입구,127.73655,37.92219,춘천,1624,31,신사우동
250001980,올미입구,127.7365,37.92233,춘천,1625,31,신사우동
250001981,올미,127.73852,37.92136,춘천,,,신사우동
250001982,올미,127.73839,37.92141,춘천,1627,62,신사우동
250001983,전자랜드/시외버스부근,127.72134,37.86578,춘천,1628,118,강남동
250001984,풍물시장,127.71739,37.86734,춘천,1629,153,강남동
250001985,럭키/시외버스부근,127.71821,37.86657,춘천,1630,154,강남동
250001986,방송통신대입구,127.72014,37.87329,춘천,1631,301,근화동
250001987,방송통신대입구,127.72116,37.87326,춘천,1632,301,근화동
250001988,온의금호1차,127.71614,37.86888,춘천,1633,185,강남동
250001989,온의금호1차,127.71582,37.86872,춘천,1634,185,강남동
250001990,옥광산입구,127.78278,37.91645,춘천,1635,21,동면
250001991,지내1리(옥광산입구),127.78225,37.91617,춘천,1636,18,동면
250001992,오항리종점,127.90448,37.97759,춘천,1637,5,북산면
250001993,오탄리종점,127.58176,38.05261,춘천,1638,4,사북면
250001994,오탄리,127.62175,38.0429,춘천,1639,4,사북면
250001995,오탄1리,127.62197,38.04268,춘천,1640,4,사북면
250001996,오탄3리종점,127.601,38.04171,춘천,1641,4,사북면
250001997,오탄2리,127.59509,38.05404,춘천,1642,4,사북면
250001998,오탄2리,127.59534,38.05417,춘천,1643,4,사북면
250001999,오탄1리,127.61601,38.04708,춘천,1644,4,사북면
250002000,오탄1리,127.61601,38.04686,춘천,1645,4,사북면
250002001,오음리입구,127.7848,37.9407,춘천,,,
250002002,오음리입구,127.7847,37.9408,춘천,,,
250002003,오월유원지,127.64191,37.98006,춘천,1648,8,서면
250002004,오월유원지,127.64218,37.98015,춘천,1649,9,서면
250002005,오월리종점,127.62519,37.9663,춘천,1650,3,서면
250002006,오월리입구,127.65544,37.97863,춘천,1651,12,서면
250002007,오월리입구,127.65542,37.97853,춘천,1652,12,서면
250002008,오월교입구,127.64466,37.98354,춘천,1653,9,서면
250002009,오봉마을,127.71552,37.78736,춘천,1654,20,신동면
250002010,오봉마을,127.71489,37.78688,춘천,1655,20,신동면
250002011,오동초등학교,127.75615,37.95077,춘천,1656,9,신북읍
250002012,오동초등학교,127.75566,37.95061,춘천,1657,9,신북읍
250002015,여성가족연구원,127.74853,37.85613,춘천,1658,140,석사동
250002016,여성가족연구원,127.74872,37.85577,춘천,1659,69,석사동
250002017,퇴계주공6단지,127.743,37.85124,춘천,1660,75,석사동
250002018,현진에버빌1차,127.74735,37.85034,춘천,1661,17,석사동
250002020,상상마당입구,127.70108,37.87179,춘천,1662,18,강남동
250002021,상상마당입구,127.70168,37.87141,춘천,1663,18,강남동
250002022,양통종점,127.73779,38.00189,춘천,1664,6,사북면
250002023,양우아파트,127.73052,37.86831,춘천,1665,129,효자2동
250002024,양우아파트,127.73154,37.86796,춘천,1666,139,효자2동
250002025,창촌3리(양단이),127.63429,37.76675,춘천,1667,9,남산면
250002026,창촌3리(양단이),127.63364,37.7664,춘천,1668,9,남산면
250002027,약사아파트,127.72306,37.87212,춘천,1669,301,약사명동
250002028,약사아파트,127.72362,37.87205,춘천,1670,301,약사명동
250002029,명동입구,127.72668,37.87971,춘천,1671,526,약사명동
250002030,약사리고개입구,127.728,37.8739,춘천,,,
250002031,약사리고개입구,127.728,37.8739,춘천,,,
250002032,현암리,127.68983,37.89185,춘천,1674,7,서면
250002033,애니메이션박물관,127.68997,37.89259,춘천,1675,34,서면
250002034,안보2리종점,127.57659,37.84978,춘천,1676,6,서면
250002035,안보2리입구,127.56777,37.84289,춘천,,,서면
250002036,안보2리입구,127.56753,37.84263,춘천,1678,6,서면
250002037,탑동마을,127.57698,37.83785,춘천,1679,6,서면
250002038,아침못종점,127.76327,37.95009,춘천,1680,9,신북읍
250002039,쓰레기매립장,127.68775,37.79753,춘천,1681,7,신동면
250002040,혈동2리,127.68779,37.79703,춘천,1682,7,신동면
250002041,신포중학교,127.63991,38.02611,춘천,1683,4,사북면
250002042,신포리,127.63411,38.01657,춘천,1684,4,사북면
250002043,신포리,127.63403,38.01666,춘천,1685,4,사북면
250002044,신포1리,127.64,38.02516,춘천,1686,4,사북면
250002045,신촌1리,127.77998,37.85409,춘천,1687,25,동내면
250002046,신촌3리,127.75825,37.84892,춘천,1688,35,동내면
250002047,신촌1리,127.77069,37.85009,춘천,1689,25,동내면
250002048,신촌1리,127.77616,37.8538,춘천,1690,24,동내면
250002049,신촌1리,127.77606,37.85369,춘천,1691,22,동내면
250002050,신촌1리,127.77063,37.85016,춘천,1692,24,동내면
250001795,창촌1리,127.64689,37.78945,춘천,1693,28,남산면
250001796,청구/진흥아파트,127.75254,37.86895,춘천,1694,53,석사동
250001797,청구/진흥아파트,127.75274,37.8691,춘천,1695,59,석사동
250001798,현지사,127.64553,38.04482,춘천,1696,4,사북면
250001799,현지사,127.64509,38.0452,춘천,1697,4,사북면
250001800,지촌3리,127.64075,38.03368,춘천,1698,4,사북면
250001801,지촌3리,127.64059,38.03365,춘천,1699,4,사북면
250001802,지촌2리,127.64283,38.05061,춘천,1700,4,사북면
250001803,지촌2리,127.64272,38.05049,춘천,1701,4,사북면
250001804,농협보안지점,127.75193,37.87721,춘천,1702,142,후평3동
250001805,한국국토정보공사,127.7511,37.87803,춘천,1703,142,후평3동
250001806,지암초교,127.60766,37.98085,춘천,1704,5,사북면
250001807,지암초교,127.60775,37.98079,춘천,1705,6,사북면
250001808,지암산천마을,127.609,37.98174,춘천,1706,6,사북면
250001809,지암산천마을,127.60916,37.98194,춘천,1707,5,사북면
250001810,지암리종점,127.59526,37.97533,춘천,1708,6,사북면
250001811,지암리,127.62237,37.97935,춘천,1709,5,사북면
250001812,지암리,127.63584,37.97705,춘천,1710,6,사북면
250001813,지암리,127.63574,37.97718,춘천,1711,5,사북면
250001814,지암리,127.6222,37.97928,춘천,1712,6,사북면
250001815,지내리,127.7308,37.95017,춘천,1713,8,신북읍
250001816,지내리,127.73064,37.9501,춘천,1714,9,신북읍
250001817,지내3리,127.7308,37.94821,춘천,1715,8,신북읍
250001818,지내3리,127.73063,37.94822,춘천,1716,9,신북읍
250001819,지내2리종점,127.72107,37.9598,춘천,,,신북읍
250001820,지내2리,127.72318,37.95769,춘천,1719,21,신북읍
250001821,지내2리,127.78467,37.9172,춘천,1720,21,신북읍
250001822,지내2리,127.78461,37.91725,춘천,,,신북읍
250001823,지내1리종점,127.73283,37.9671,춘천,1721,8,신북읍
250001824,지내1리마을회관,127.73038,37.96167,춘천,,,신북읍
250001825,지내1리마을회관,127.73034,37.96199,춘천,1723,9,신북읍
250001826,지내1리,127.73072,37.95776,춘천,,,신북읍
250001827,지내보건소,127.73036,37.95788,춘천,1231,8,신북읍
250001828,지내1리,127.78176,37.91172,춘천,,,신북읍
250001829,증3리,127.72608,37.82799,춘천,1727,19,신동면
250001830,증3리,127.72411,37.82637,춘천,1728,19,신동면
250001831,증3리,127.72408,37.82607,춘천,1729,20,신동면
250001832,증3리,127.72726,37.831,춘천,,,신동면
250001833,증2리,127.70964,37.81127,춘천,1731,17,신동면
250001834,증2리,127.70987,37.80756,춘천,1732,19,신동면
250001835,증2리,127.71193,37.8053,춘천,1733,5,신동면
250001836,증2리,127.70994,37.8026,춘천,1734,19,신동면
250001837,증2리,127.71,37.80254,춘천,1735,20,신동면
250001838,증2리,127.7115,37.80301,춘천,1736,14,신동면
250001839,증2리,127.71204,37.80539,춘천,1737,20,신동면
250001840,증2리,127.70999,37.80759,춘천,1738,20,신동면
250001841,증2리,127.70976,37.81137,춘천,,,신동면
250001842,증1리,127.70913,37.81427,춘천,1740,20,신동면
250001843,중앙하이츠1차,127.73726,37.85456,춘천,1741,103,퇴계동
250001844,중앙하이츠,127.735,37.8558,춘천,,,
250001845,중앙하이츠,127.735,37.8559,춘천,,,
250001846,중앙하이츠1차,127.73673,37.85445,춘천,1744,103,퇴계동
250001847,약사명동주민센터,127.7242,37.87749,춘천,,,
250001848,중앙시장/중앙초교,127.72499,37.87835,춘천,1746,526,소양동
250001849,중앙시장,127.72548,37.8785,춘천,1747,59,약사명동
250001850,중도선착장,127.69696,37.87193,춘천,1748,18,강남동
250001851,중도선착장,127.69724,37.87178,춘천,1749,9,강남동
250001852,중도배터,127.7172,37.8881,춘천,,,
250001853,일성트루엘아파트,127.74849,37.87749,춘천,1751,78,후평2동
250001854,KBS방송국,127.7228,37.86824,춘천,1752,113,퇴계동
250001855,KBS방송국,127.72272,37.86765,춘천,1753,112,퇴계동
250001856,조양4리,127.77329,37.75984,춘천,1754,12,동산면
250001857,조양4리,127.78372,37.75584,춘천,1755,12,동산면
250001858,조양4리,127.78467,37.75576,춘천,1756,18,동산면
250001859,신세계주유소,127.77867,37.75766,춘천,1757,18,동산면
250001860,조양3리,127.83153,37.74393,춘천,1758,10,동산면
250001861,조양1리,127.81144,37.75602,춘천,1759,54,동산면
250001862,조각공원,127.71386,37.87307,춘천,1760,181,근화동
250001863,정족2리입구,127.7293,37.83387,춘천,,,
250001864,정족2리입구,127.72904,37.83375,춤천,1762,20,신동면
250001865,정족2리입구,127.72937,37.83393,춘천,,,
250001866,정족2리입구,127.72879,37.8337,춤천,1764,19,신동면
250001867,정족2리,127.73444,37.83161,춘천,1765,14,신동면
250001868,정족2리,127.73447,37.83153,춤천,1766,14,신동면
250001869,정족1리입구,127.7315,37.84281,춘천,1767,14,신동면
250001870,정족1리입구,127.7314,37.8429,춤천,1253,14,신동면
250001871,사천왕사,127.67396,37.83221,춘천,1769,42,서면
250001872,사천왕사,127.67384,37.83233,충천,1770,36,서면
250001873,정부합동청사,127.74927,37.8889,춘천,1771,330,후평1동
250001874,정부합동청사,127.74957,37.88843,충전,1772,330,후평1동
250001875,정법사,127.70706,37.86151,춘천,1773,38,강남동
250001876,정법사,127.70694,37.86142,추추천,1774,24,강남동
250001877,재취골,127.73145,37.78923,춘천,1775,3,동산면
250001878,기와집골,127.63417,37.77614,춘천,1776,7,남산면
250001446,방곡2리종점,127.62927,37.78825,춘천,1777,5,남산면
250001447,방곡1리,127.64234,37.79496,춘천,1778,38,남산면
250001448,방곡1리,127.63958,37.79771,춘천,1779,37,남산면
250001449,방곡1리,127.63871,37.80042,춘천,1780,37,남산면
250001450,방곡1리,127.63856,37.80055,춘천,1781,37,남산면
250001451,방곡1리,127.63981,37.79751,춘천,1782,38,남산면
250001452,방곡1리,127.64222,37.79493,춘천,1783,38,남산면
250001457,발산치안센터,127.62421,37.73898,춘천,1784,8,남면
250001458,발산2리,127.62433,37.73904,춘천,1785,9,남면
250001459,발산리종점,127.76653,37.96278,춘천,1786,9,신북읍
250001460,발산2리,127.76118,37.9557,춘천,1787,9,신북읍
250001461,발산2리,127.76292,37.9576,춘천,1788,9,신북읍
250001462,발산2리,127.76571,37.96057,춘천,1789,9,신북읍
250001463,발산2리,127.76567,37.9605,춘천,1790,9,신북읍
250001464,발산2리,127.76229,37.96169,춘천,1791,9,신북읍
250001465,발산2리,127.63121,37.73884,춘천,1792,8,남면
250001466,발산2리,127.63129,37.73875,춘천,1793,8,남면
250001467,발산1리,127.75559,37.95991,춘천,1794,9,신북읍
250001468,발산1리,127.74721,37.95119,춘천,1795,7,신북읍
250001469,발산1리,127.61077,37.73517,춘천,1796,9,남면
250001470,발산1리,127.61095,37.73504,춘천,1797,9,남면
250001471,발산,127.62399,37.74352,춘천,1798,4,남면
250001472,발산,127.62411,37.74359,춘천,1799,4,남면
250001473,광판2리,127.71021,37.74579,춘천,1800,5,남산면
250001474,반이동,127.71003,37.74516,춘천,1801,5,남산면
250001481,가정초교,127.57307,37.74014,춘천,1802,8,남면
250001482,가정1리회관앞,127.57241,37.7413,춘천,1803,8,남면
250001483,박암리,127.5439,37.7253,춘천,1804,3,남면
250026615,박암리,127.54382,37.72528,춘천,,,
250001484,박암리,127.53776,37.72373,춘천,1805,3,남면
250001485,박암리,127.5387,37.72324,춘천,1806,3,남면
250001486,박암리,127.544,37.7252,춘천,,,
250026616,박암리,127.54401,37.7252,춘천,1807,3,남면
250001487,밀알재활원,127.70221,37.76994,춘천,1808,1,신동면
250001488,밀알재활원,127.70226,37.76988,춘천,1809,1,신동면
250001489,동부새마을금고,127.73406,37.87352,춘천,1810,30,효자2동
250001490,미려골,127.73415,37.87333,춘천,1811,30,효자2동
250001491,문화주택,127.75169,37.88933,춘천,1812,65,후평1동
250001492,문화예술회관,127.7269,37.873,춘천,1813,82,효자1동
250001493,문화예술회관,127.72712,37.87294,춘천,1814,81,효자1동
250001494,논골입구,127.76382,37.77005,춘천,1973,17,동산면
250001495,모래재,127.76566,37.76754,춘천,1816,12,동산면
250001496,명진학교,127.73468,37.89998,춘천,1817,58,신사우동
250001497,덕두2리종점,127.62953,37.88325,춘천,1818,6,서면
250001498,명동입구,127.72627,37.87912,춘천,1819,413,약사명동
250001499,멸공훈련장,127.71029,37.85446,춘천,1820,36,강남동
250001500,멸공훈련장,127.71015,37.85453,춘천,1821,36,강남동
250001501,면허시험장입구,127.75178,37.946,춘천,1822,18,신북읍
250001502,면허시험장입구,127.75158,37.9455,춘천,1823,18,신북읍
250001503,만천2리,127.76523,37.87969,춘천,1824,9,동면
250001504,만천2리,127.76572,37.87964,춘천,1825,9,동면
250001505,동광오거리,127.74947,37.88526,춘천,1826,319,후평1동
250001506,동광오거리,127.74947,37.8847,춘천,1827,319,후평1동
250001507,만천리종점,127.78548,37.87603,춘천,1828,17,동면
250001508,동면만천농협,127.761,37.8817,춘천,1829,75,동면
250001509,동면만천농협,127.76073,37.88192,춘천,1830,98,동면
250001510,만천3리회관,127.7782,37.875,춘천,1831,9,동면
250001511,만천3리회관,127.77847,37.87508,춘천,1832,9,동면
250001512,만천초교,127.75814,37.88269,춘천,1833,98,동면
250001513,만천3리,127.77062,37.87743,춘천,1834,9,동면
250001514,만천3리,127.77045,37.87781,춘천,1835,9,동면
250001515,만천초교,127.75862,37.88264,춘천,1836,98,동면
250001516,만천1리,127.75593,37.8852,춘천,1837,99,동면
250001517,만천1리,127.75561,37.88547,춘천,1838,98,동면
250001518,마평,127.62754,38.00279,춘천,1839,4,사북면
250001519,마삼래,127.69218,37.86527,춘천,1840,18,강남동
250001520,마삼래,127.69244,37.86569,춘천,1841,9,강남동
250001521,가압펌프장,127.71512,37.8538,춘천,1842,52,강남동
250001522,가압펌프장,127.71454,37.8551,춘천,1843,52,강남동
250001523,삼성동부아파트,127.73082,37.89953,춘천,1844,62,신사우동
250001524,롯데인벤스,127.73087,37.89971,춘천,1845,62,신사우동
250001525,호반베르디움,127.75938,37.85713,춘천,2284,85,동내면
250001526,거두리부영아파트,127.75154,37.85561,춘천,1847,72,동내면
250001527,로데오거리,127.75054,37.85424,춘천,1848,64,석사동
250001528,뜨란채아파트,127.74713,37.85032,춘천,1849,42,퇴계동
250001529,삼악산,127.66078,37.82486,춘천,1850,50,서면
250001530,삼악산,127.66043,37.82491,춘천,1851,50,서면
250001532,두미르아파트,127.72821,37.90202,춘천,1852,113,신사우동
250001533,두미르아파트,127.72739,37.90265,춘천,1853,115,신사우동
250001534,춘천동원학교,127.78872,37.93018,춘천,1854,66,신북읍
250001535,춘천동원학교,127.78854,37.93026,춘천,1855,67,신북읍
250001536,동산중학교,127.7915,37.75205,춘천,1856,14,동산면
250001537,동산중학교,127.79126,37.75226,춘천,1857,15,동산면
250001538,조양2리,127.79605,37.73766,춘천,1858,5,동산면
250001539,조양2리,127.79613,37.7376,춘천,1859,6,동산면
250001540,동산아파트,127.74211,37.88921,춘천,1860,269,후평1동
250001541,소방서,127.7425,37.88913,춘천,1861,273,후평1동
250001542,동산면사무소,127.79589,37.75394,춘천,1862,15,동산면
250001543,동산면사무소,127.79587,37.7541,춘천,1863,14,동산면
250001544,동부시장,127.73345,37.87632,춘천,1864,410,조운동
250001545,동부시장,127.73428,37.87659,춘천,1865,317,조운동
250001546,동보아파트,127.74215,37.86179,춘천,1866,112,효자2동
250001547,동보빌리지,127.74108,37.88372,춘천,1867,106,후평1동
250001548,동보빌리지,127.74134,37.88364,춘천,1868,103,후평1동
250001549,감정1리,127.78037,37.90403,춘천,1869,15,동면
250001550,동면치안센터,127.78038,37.90414,춘천,1870,23,동면
250001551,동면지내리,127.78244,37.91375,춘천,1871,12,동면
250001552,동면지내리,127.78227,37.91363,춘천,1872,13,동면
250001553,동면저수지,127.7584,37.89365,춘천,1873,15,동면
250001554,동면저수지,127.75823,37.89373,춘천,1874,23,동면
250001555,동면사무소,127.78151,37.91007,춘천,1875,12,동면
250001556,동면사무소,127.78136,37.90997,춘천,1876,12,동면
250001557,동면복지회관,127.78201,37.91202,춘천,1877,12,동면
250001558,동내초교,127.76599,37.85041,춘천,1878,8,동내면
250001559,동내초교,127.76572,37.85042,춘천,1879,22,동내면
250001560,동내면사무소,127.76159,37.848,춘천,1880,17,동내면
250001561,동내면사무소,127.76141,37.84812,춘천,1881,31,동내면
250001562,동광주유소,127.75171,37.88988,춘천,1882,98,후평1동
250001563,도민일보,127.74485,37.89051,춘천,1883,240,후평1동
250001564,도민일보,127.74304,37.89022,춘천,1884,244,후평1동
250001565,덕두원3리,127.67006,37.82722,춘천,1885,49,서면
250001566,덕두원2리,127.6593,37.86006,춘천,1886,6,서면
250001567,덕두원2리,127.65741,37.86336,춘천,1887,6,서면
250001568,덕두원2리,127.65556,37.86587,춘천,1888,6,서면
250001569,덕두원2리,127.65301,37.8687,춘천,1889,6,서면
250001570,덕두원2리,127.65026,37.86996,춘천,1890,6,서면
250001571,덕두원2리,127.64749,37.87119,춘천,1891,6,서면
250001572,덕두원2리,127.64431,37.87263,춘천,1892,6,서면
250001573,덕두원2리,127.6394,37.87676,춘천,1893,6,서면
250001574,덕두원2리,127.63767,37.878,춘천,1894,6,서면
250001575,덕두원2리,127.63296,37.88061,춘천,1895,6,서면
250001576,덕두원2리,127.63309,37.88041,춘천,1896,6,서면
250001577,덕두원2리,127.63765,37.87818,춘천,1897,6,서면
250001578,덕두원2리,127.63923,37.87668,춘천,1898,6,서면
250001579,덕두원2리,127.6442,37.8726,춘천,1899,6,서면
250001580,덕두원2리,127.64734,37.87114,춘천,1900,6,서면
250001581,덕두원2리,127.65021,37.87009,춘천,1901,6,서면
250001582,덕두원2리,127.65311,37.86856,춘천,1902,6,서면
250001583,덕두원2리,127.65555,37.86598,춘천,1903,6,서면
250001584,덕두원2리,127.65725,37.86348,춘천,1904,6,서면
250001585,덕두원2리,127.65914,37.86017,춘천,1905,6,서면
250001586,덕두원1리,127.66902,37.85264,춘천,1906,6,서면
250001587,덕두원1리,127.66653,37.85454,춘천,1907,6,서면
250001588,덕두원1리,127.66176,37.85376,춘천,1908,6,서면
250001589,덕두원1리,127.66185,37.85363,춘천,1909,6,서면
250001590,덕두원1리,127.66647,37.85449,춘천,1910,6,서면
250001591,덕두원1리,127.66893,37.85259,춘천,1911,6,서면
250001592,덕두원1리,127.67146,37.84727,춘천,1912,13,서면
250001593,덕두원1리,127.67156,37.84735,춘천,1913,13,서면
250001594,대원사,127.68556,37.84511,춘천,1914,48,강남동
250001595,대원사,127.68555,37.84521,춘천,1915,56,강남동
250001596,대룡중학교,127.74366,37.84817,춘천,1916,66,퇴계동
250001597,대룡산종점,127.78173,37.83218,춘천,1917,9,동내면
250001598,대룡산종점,127.78171,37.83228,춘천,1918,14,동내면
250001599,사암리,127.76428,37.84125,춘천,1919,0,동내면
250001600,대룡산쉼터,127.76457,37.84089,춘천,1920,9,동내면
250001601,당림초교,127.60862,37.83839,춘천,1921,6,서면
250001602,당림1리,127.60852,37.83832,춘천,1922,6,서면
250001603,당림5반종점,127.60177,37.85847,춘천,1923,6,서면
250001604,당림3반종점,127.61864,37.86233,춘천,1924,6,서면
250001605,당림3거리,127.6098,37.84129,춘천,1925,6,서면
250001606,당림3거리,127.6097,37.84116,춘천,1926,6,서면
250001607,당림2리,127.61541,37.83079,춘천,1927,6,서면
250001608,당림2리,127.61526,37.83037,춘천,1928,7,서면
250001609,당림1리,127.614,37.84874,춘천,1929,6,서면
250001610,당림1리,127.61403,37.84865,춘천,1930,6,서면
250001611,당림1리,127.60273,37.83523,춘천,1931,6,서면
250001612,농업기술원,127.73559,37.90057,춘천,1932,62,신사우동
250001613,농촌공사춘천지소,127.73965,37.90923,춘천,1933,62,신사우동
250001614,농촌공사춘천지소,127.73935,37.90973,춘천,1934,62,신사우동
250001615,도재활병원삼거리,127.73772,37.90313,춘천,1935,53,신사우동
250001616,논골입구,127.76481,37.77692,춘천,1936,18,동산면
250001617,논골입구,127.76462,37.77687,춘천,1937,17,동산면
250001618,국민연금공단 춘천회관,127.731,37.86393,춘천,1938,31,퇴계동
250001619,국민연금공단 춘천회관,127.73122,37.86385,춘천,1939,31,퇴계동
250001620,남춘천초교,127.72187,37.86041,춘천,1940,102,강남동
250001621,남춘천중학교,127.72139,37.86059,춘천,1941,115,강남동
250001622,(구)남춘천역,127.7295,37.8623,춘천,,,
250026585,(구)남춘천역,127.729,37.8617,춘천,,,
250001623,(구)남춘천역,127.7295,37.8619,춘천,,,
250001624,남산면사무소,127.64606,37.79149,춘천,1944,32,남산면
250001625,남산면사무소,127.64599,37.79138,춘천,1945,32,남산면
250001626,남부시장,127.726,37.87063,춘천,1946,128,효자1동
250001627,남부시장,127.72748,37.87011,춘천,1947,143,효자1동
250001628,남면사무소,127.6011,37.73167,춘천,1948,9,남면
250001629,발산1리,127.60058,37.73124,춘천,1949,9,남면
250001630,김유정문학촌,127.71677,37.81936,춘천,1950,19,신동면
250001631,김유정문학촌,127.7167,37.81942,춘천,1951,19,신동면
250001632,금산3리,127.68604,37.89559,춘천,1952,14,서면
250001633,금산3리,127.68621,37.8955,춘천,1953,14,서면
250001634,금산2리,127.69688,37.90197,춘천,1954,24,서면
250001635,금산2리,127.69716,37.90201,춘천,1955,24,서면
250001636,금산3리,127.69073,37.89627,춘천,1956,24,서면
250001637,강원정보문화진흥원,127.6906,37.89604,춘천,1957,24,서면
250001638,과수원마을입구,127.70376,37.91126,춘천,1958,24,서면
250001639,금병초교,127.71089,37.81467,춘천,1959,19,신동면
250001640,근화초교,127.72462,37.88816,춘천,1960,110,소양동
250001641,춘천역육교앞,127.71447,37.8833,춘천,1961,26,근화동
250001642,근화사거리,127.71487,37.87522,춘천,1962,24,근화동
250001643,청와아파트,127.71345,37.88146,춘천,1963,24,근화동
250001644,그랜드아파트,127.7563,37.86683,춘천,1964,170,석사동
250001646,군자공원묘지,127.74291,37.75663,춘천,1965,5,동산면
250001647,군자3리,127.73297,37.75206,춘천,1966,5,동산면
250001648,군자3리,127.73296,37.75196,춘천,1967,5,동산면
250001649,군자3리,127.73849,37.75439,춘천,1968,5,동산면
250001650,군자공원묘지,127.74292,37.7565,춘천,1969,5,동산면
250001651,군자1리,127.72208,37.74859,춘천,1970,5,동산면
250001652,군자1리,127.72219,37.74853,춘천,1971,5,동산면
250001653,국립춘천병원,127.76431,37.77074,춘천,1972,18,동산면
250001654,국립춘천병원,127.76413,37.77084,춘천,1973,17,동산면
250001655,구곡폭포종점,127.61643,37.79722,춘천,1974,15,남산면
250001656,구곡폭포입구,127.63638,37.81012,춘천,1975,42,남산면
250001657,구곡폭포입구,127.63626,37.80991,춘천,1976,42,남산면
250001658,교동초교입구,127.73812,37.8778,춘천,1977,278,효자3동
250001659,교동초교입구,127.73766,37.87737,춘천,1978,291,효자3동
250001660,광판초교,127.70109,37.73031,춘천,1979,10,남산면
250001661,광판초교,127.70079,37.73011,춘천,1980,10,남산면
250001662,광판중학교입구,127.69863,37.72608,춘천,1981,12,남산면
250001663,광판중학교입구,127.69877,37.72607,춘천,1982,12,남산면
250001664,광판중학교,127.69957,37.72263,춘천,1983,12,남산면
250001665,광판중학교,127.69945,37.7226,춘천,1984,12,남산면
250001666,광판2리,127.71288,37.74434,춘천,1985,5,동산면
250001667,광판2리,127.71022,37.74294,춘천,1986,10,남산면
250001668,광판2리,127.70906,37.73997,춘천,1987,10,남산면
250001669,광판2리,127.71305,37.74427,춘천,1988,5,동산면
250001670,광판2리,127.70895,37.74003,춘천,1989,10,남산면
250001671,광판1리,127.70654,37.73279,춘천,1990,10,남산면
250001672,광판,127.70678,37.73299,춘천,1991,10,남산면
250001673,신포리,127.62701,38.01469,춘천,1992,4,사북면
250001674,관천리종점,127.51239,37.72331,춘천,1993,3,남면
250001675,관천리,127.52201,37.72944,춘천,1994,3,남면
250001676,관천리,127.5221,37.72932,춘천,1995,3,남면
250001677,춘천청소년수련관,127.74135,37.87404,춘천,1996,142,효자2동
250001678,춘천청소년수련관,127.74098,37.87437,춘천,1997,142,효자3동
250001679,과선교,127.734,37.8583,춘천,,,
250001680,과선교,127.7362,37.8569,춘천,,,
250001681,과선교,127.7351,37.8574,춘천,,,
250026588,중앙하이츠2차,127.73525,37.85723,춘천,2000,192,퇴계동
250001682,과선교,127.7341,37.8583,춘천,,,
250026587,퇴계주공2차,127.73464,37.85789,춘천,2001,193,퇴계동
250001683,공지천사거리,127.71474,37.87421,춘천,2002,217,근화동
250001684,공지사거리,127.7146,37.87431,춘천,2003,226,근화동
250001685,신성교회,127.74676,37.88508,춘천,2004,135,후평1동
250001686,농협주유소,127.74578,37.88621,춘천,2005,270,후평1동
250001687,곡골,127.85333,37.85901,춘천,2006,270,동면
250001688,곡골,127.8531,37.85901,춘천,2007,3,동면
250001689,고탄입구,127.67705,37.96446,춘천,2008,26,신북읍
250001690,고탄입구,127.67634,37.96437,춘천,2009,25,신북읍
250001691,구고탄농협,127.70443,37.98815,춘천,2010,6,사북면
250001692,고탄,127.7206,37.9912,춘천,2011,6,사북면
250001693,고탄,127.7202,37.99096,춘천,2012,6,사북면
250001694,고탄,127.70512,37.98817,춘천,2013,6,사북면
250001695,고창말,127.73428,37.84043,춘천,2014,14,신동면
250001696,고창말,127.73442,37.84044,춘천,2015,14,신동면
250001697,고은리종점,127.78867,37.84553,춘천,2016,22,동내면
250001698,고은리입구,127.77281,37.84982,춘천,2017,0,동내면
250001699,고은리입구,127.7745,37.84905,춘천,2018,22,동내면
250001700,고은리,127.78508,37.84576,춘천,2019,8,동내면
250001701,고은리,127.78515,37.84587,춘천,2020,22,동내면
250001702,고은2리,127.77766,37.84856,춘천,2021,8,동내면
250001703,고은2리,127.77768,37.84863,춘천,2022,22,동내면
250001704,고은1리,127.78208,37.8466,춘천,2023,8,동내면
250001705,고은1리,127.78205,37.84667,춘천,2024,22,동내면
250001706,고성2리,127.72459,37.99267,춘천,2025,6,사북면
250001707,고성2리,127.73653,37.99944,춘천,2026,6,사북면
250001708,고성2리,127.73516,37.99471,춘천,2027,6,사북면
250002051,신연강,127.67345,37.8614,춘천,2028,7,서면
250002052,신연강,127.67363,37.86173,춘천,2029,7,서면
250002053,신사우동,127.72759,37.93879,춘천,2030,8,신사우동
250002054,신사우동,127.72743,37.9389,춘천,2031,8,신사우동
250002055,신북읍사무소,127.74677,37.92515,춘천,2032,98,신북읍
250002056,신북읍사무소,127.7469,37.92523,춘천,2033,98,신북읍
250002057,신매대교,127.71147,37.92197,춘천,2034,24,서면
250002058,신매대교,127.71137,37.92209,춘천,2035,19,서면
250002059,신매3리,127.71156,37.91819,춘천,2036,24,서면
250002060,신매3리,127.71089,37.91602,춘천,2037,26,서면
250002061,신매3리,127.71104,37.91592,춘천,2038,24,서면
250002062,신매3리,127.71172,37.91828,춘천,2039,24,서면
250002063,신매1리,127.7027,37.93588,춘천,2040,14,서면
250002064,신매1리,127.70284,37.93584,춘천,2041,9,서면
250002065,신동초교,127.722,37.92976,춘천,2042,60,신사우동
250002066,신동초교,127.72175,37.92992,춘천,2043,60,신사우동
250002067,신동삼거리,127.72232,37.93196,춘천,2044,60,신사우동
250002068,신동초등학교,127.72203,37.93187,춘천,2045,62,신사우동
250002069,신동,127.72165,37.92701,춘천,2046,60,신사우동
250002070,신동보급대,127.72141,37.92777,춘천,2047,60,신사우동
250002071,신동배터,127.7157,37.93733,춘천,2048,60,신사우동
250002072,신동배터,127.7162,37.93666,춘천,2049,60,신사우동
250002073,김유정역,127.71479,37.8172,춘천,2050,18,신동면
250002074,김유정역,127.71504,37.81716,춘천,2051,18,신동면
250002075,삼포유원지입구,127.70886,37.79923,춘천,2052,13,신동면
250002076,명동입구,127.72912,37.87874,춘천,1671,529,조운동
250002077,명동입구,127.72865,37.87961,춘천,1819,529,조운동
250002078,시외버스터미널,127.71768,37.86291,춘천,2055,25,강남동
250002079,시외버스터미널,127.71724,37.86376,춘천,2056,25,강남동
250002080,시외버스터미널,127.71993,37.86377,춘천,2057,25,강남동
250002081,시외버스터미널,127.71976,37.86411,춘천,2058,25,강남동
250002082,시립청소년도서관,127.70841,37.87137,춘천,2059,61,강남동
250002083,공지천분수대,127.70822,37.87196,춘천,2060,60,강남동
250002084,(구)승마장,127.69305,37.87086,춘천,2062,19,강남동
250002085,(구)승마장,127.69318,37.87067,춘천,2061,19,강남동
250002086,시립요양원입구,127.75,37.8506,춘천,2063,120,석사동
250002087,수청골입구,127.89261,37.98601,춘천,2064,12,북산면
250002088,수청교,127.8926,37.98617,춘천,2065,12,북산면
250002089,수동리,127.66838,37.77473,춘천,2066,14,남산면
250002090,수동리,127.66827,37.77471,춘천,2067,14,남산면
250002091,수동2리,127.64343,37.76644,춘천,2068,20,남산면
250002092,수동2리,127.64336,37.76662,춘천,2069,20,남산면
250002093,수동1리종점,127.67935,37.77341,춘천,2449,14,남산면
250002094,수동1리입구,127.65406,37.78118,춘천,2070,14,남산면
250002095,수동1리입구,127.65402,37.78132,춘천,2071,14,남산면
250002096,수동1리,127.66157,37.77695,춘천,1187,14,남산면
250002097,수동1리,127.66151,37.777,춘천,1289,14,남산면
250002098,송암삼거리,127.70326,37.98831,춘천,1225,12,사북면
250002099,송암리,127.70185,37.98852,춘천,2076,12,사북면
250002100,송암리,127.68649,37.99547,춘천,1213,12,사북면
250002101,송암리,127.69071,37.99289,춘천,2078,12,사북면
250002102,송암동,127.68957,37.85203,춘천,2079,9,사북면
250002103,송암동,127.69075,37.85043,춘천,2080,9,사북면
250002104,송암3반,127.69205,38.00345,춘천,2081,12,사북면
250002105,삼악산주차장입구,127.66532,37.82576,춘천,2082,85,서면
250002106,솔밭종점,127.77057,37.92527,춘천,2083,85,동면
250002107,소양초교,127.73941,37.90534,춘천,2084,92,신사우동
250002108,소양초교,127.73938,37.90587,춘천,2085,92,신사우동
250002109,소양중학교,127.72463,37.9061,춘천,2086,92,신사우동
250002110,소양중학교,127.72499,37.90513,춘천,2087,92,신사우동
250002111,소양정수장,127.77733,37.90225,춘천,2088,35,동면
250002112,소양정수장,127.77725,37.90238,춘천,2089,35,동면
250002113,소양로2가,127.72506,37.88914,춘천,2090,68,소양동
250002114,소양로1가치안센터,127.72546,37.89235,춘천,2091,0,근화동
250002115,소양로1가,127.72572,37.89146,춘천,2092,71,근화동
250002116,소양강댐주차장,127.80166,37.93821,춘천,2093,89,신북읍
250002117,소양강댐정상,127.81268,37.94757,춘천,2094,89,신북읍
250002118,소양강댐사택,127.79541,37.93362,춘천,2095,89,신북읍
250002119,소양강댐사택,127.7952,37.93365,춘천,2096,89,신북읍
250002120,소양2교,127.72858,37.89959,춘천,2097,112,신사우동
250002121,사우사거리,127.72835,37.89996,춘천,2098,78,신사우동
250002122,세경6차,127.75488,37.88067,춘천,2099,,후평3동
250002123,세경6차,127.7547,37.88077,춘천,2100,,후평3동
250002124,세경3차,127.74415,37.88484,춘천,2101,249,후평1동
250002125,세경3차,127.7437,37.88451,춘천,2102,249,후평1동
250002126,성원초등학교,127.74339,37.84813,춘천,2103,136,퇴계동
250002127,한림대학교,127.73831,37.8835,춘천,2104,250,교동
250002128,퇴계주공5차아파트,127.74132,37.85273,춘천,2105,97,석사동
250002129,현진에버빌2차,127.74154,37.8528,춘천,2106,57,석사동
250002130,설미종점,127.67905,37.80992,춘천,2107,14,신동면
250002131,봄내초교,127.742,37.85657,춘천,2108,98,석사동
250002132,봄내초등학교,127.74174,37.85642,춘천,2109,73,석사동
250002133,퇴계현대3차,127.74099,37.85451,춘천,2110,28,석사동
250002134,남부지구대,127.7453,37.86148,춘천,2111,5,석사동
250002135,석사치안센터,127.74509,37.86155,춘천,2112,,석사동
250002136,석사아파트,127.73904,37.86281,춘천,2113,154,석사동
250002137,석사아파트,127.73933,37.86289,춘천,2114,154,석사동
250002138,석사삼익아파트,127.75104,37.85308,춘천,2115,213,석사동
250002139,초록지붕아파트,127.75117,37.85324,춘천,2116,185,석사동
250002140,석사사거리,127.74511,37.85952,춘천,2117,208,석사동
250002141,석사부영아파트,127.75608,37.8691,춘천,2118,229,석사동
250002142,석사동주민센터,127.74244,37.85922,춘천,2119,36,석사동
250002143,석사동주민센터,127.74273,37.85921,춘천,2120,36,석사동
250002144,석사대우아파트,127.75638,37.86908,춘천,2121,154,석사동
250002145,석사극동아파트,127.7527,37.851,춘천,2122,134,석사동
250002146,석사극동아파트,127.75278,37.85118,춘천,2123,134,석사동
250002147,석사교회,127.74483,37.85961,춘천,2124,127,석사동
250002148,석사4거리,127.74326,37.86115,춘천,2125,134,석사동
250002149,석사2지구아파트,127.75677,37.87048,춘천,2126,171,석사동
250002150,석사2지구아파트,127.75697,37.87027,춘천,2127,171,석사동
250002151,석갓,127.69664,37.93592,춘천,2128,14,서면
250002152,석갓,127.69652,37.93586,춘천,2129,14,서면
250002153,서춘천농협,127.70239,37.93234,춘천,2130,24,서면
250002154,서춘천농협,127.70252,37.93239,춘천,2131,24,서면
250002155,서천리,127.55202,37.84082,춘천,2132,10,남산면
250002156,서천2리,127.53288,37.83801,춘천,2133,10,남산면
250002157,서천1리,127.55257,37.83858,춘천,2134,10,남산면
250002158,서천1리,127.55271,37.83862,춘천,2135,10,남산면
250002159,서상초교,127.70632,37.92833,춘천,2136,7,서면
250002160,서상초교,127.70633,37.92814,춘천,2137,7,서면
250002161,서상2리종점,127.65798,37.93433,춘천,2138,7,서면
250002162,서상1리종점,127.70362,37.94223,춘천,2139,18,서면
250002163,서상1리종점,127.70357,37.94212,춘천,2140,18,서면
250002164,서부시장,127.72404,37.88581,춘천,2141,171,소양동
250002165,서면치안센터,127.70928,37.92395,춘천,2142,14,서면
250002166,서면치안센터,127.70919,37.92377,춘천,2143,14,서면
250002167,서면사무소,127.69369,37.89811,춘천,2144,,서면
250002168,서면사무소,127.69402,37.89834,춘천,2145,,서면
250002169,샬롬(산후조리원),127.60027,37.83437,춘천,2146,18,서면
250002170,새술막,127.75687,37.78622,춘천,2147,40,동산면
250002171,새술막,127.75773,37.78588,춘천,2148,40,동산면
250002172,새말교,127.61061,37.84639,춘천,2149,18,서면
250002173,당림1리,127.61065,37.84628,춘천,2150,18,서면
250002174,새마을고개,127.7326,37.87146,춘천,2151,5,효자2동
250002175,새마을고개,127.73241,37.87107,춘천,2152,5,효자2동
250002176,증4리종점,127.73112,37.79883,춘천,2153,28,신동면
250002177,상천초등학교,127.7849,37.92989,춘천,2154,155,신북읍
250002178,상원사,127.67416,37.84097,춘천,2155,26,서면
250002179,상원사,127.67431,37.84109,춘천,2156,26,서면
250002180,상걸리종점,127.86239,37.85075,춘천,2157,10,동면
250002181,상걸리종점,127.8498,37.86211,춘천,2158,10,동면
250002182,상걸2리,127.85015,37.86208,춘천,2159,34,동면
250002183,상걸1리,127.84409,37.86614,춘천,2160,6,동면
250002184,상걸1리,127.84392,37.86629,춘천,2161,6,동면
250002185,삼포유원지입구,127.70854,37.79897,춘천,2162,39,신동면
250002186,삼포유원지입구,127.7086,37.79899,춘천,2163,39,신동면
250002187,삼포유원지,127.715,37.79779,춘천,2164,28,신동면
250002188,삼포유원지,127.71497,37.79774,춘천,2165,28,신동면
250002189,삼천동사거리,127.70704,37.86906,춘천,2166,78,강남동
250002190,삼천동사거리,127.707,37.86941,춘천,2167,78,강남동
250002191,여우고개,127.73921,37.91949,춘천,2168,154,신사우동
250002192,여우고개,127.73905,37.91915,춘천,2169,154,신사우동
250002193,의암댐,127.67417,37.8376,춘천,2170,26,서면
250002194,의암댐,127.67401,37.83721,춘천,2171,26,서면
250002195,산천2리종점,127.74755,37.96104,춘천,2172,14,신북읍
250002196,산천1리,127.75172,37.94283,춘천,2173,34,신북읍
250002197,산천1리,127.75159,37.9427,춘천,2174,34,신북읍
250002198,산천1리,127.75225,37.94758,춘천,2175,34,신북읍
250002199,산천1리,127.75236,37.94778,춘천,2176,34,신북읍
250002200,산수빌아파트,127.76477,37.84754,춘천,2177,17,동내면
250002201,산수빌아파트,127.7641,37.84785,춘천,2178,17,동내면
250002202,산수리,127.6715,37.7126,춘천,2179,25,남산면
250002203,사이클경기장,127.69261,37.86916,춘천,2180,19,강남동
250002204,사암리,127.76488,37.84124,춘천,2181,61,동내면
250002205,사암4리종점,127.76831,37.82315,춘천,2182,61,동내면
250002206,사암4리종점,127.76838,37.82325,춘천,2183,61,동내면
250002207,사암4리,127.764,37.8238,춘천,2499,190,동내면
250002208,사암3리,127.77478,37.83309,춘천,2185,17,동내면
250002209,사암3리,127.77471,37.83319,춘천,2186,17,동내면
250002210,사암1리,127.77003,37.83203,춘천,2187,59,동내면
250002211,사암1리,127.76829,37.831,춘천,2188,59,동내면
250002212,사암1리,127.76997,37.83208,춘천,2189,59,동내면
250002213,사북우체국,127.64348,38.03872,춘천,2190,8,사북면
250002214,사북우체국,127.64334,38.03878,춘천,2191,8,사북면
250002215,사북면사무소,127.64133,38.03011,춘천,2192,8,사북면
250002216,사북면사무소,127.64114,38.02896,춘천,2193,8,사북면
250002217,사대부고,127.74672,37.87282,춘천,2194,74,효자3동
250002218,뉴시티코아루,127.72205,37.91353,춘천,2195,124,신사우동
250002219,뉴시티코아루,127.72187,37.9133,춘천,2196,124,신사우동
250002220,사농동현대아파트,127.72244,37.91079,춘천,2197,124,신사우동
250002221,보타사입구,127.70128,37.84508,춘천,2198,138,강남동
250002222,보타사입구,127.70111,37.84528,춘천,2199,138,강남동
250002223,북산면사무소,127.88556,37.98721,춘천,2200,12,북산면
250002224,북산면사무소,127.88551,37.98707,춘천,2201,12,북산면
250002225,부속초교후문,127.73103,37.86984,춘천,2202,54,효자2동
250002226,봉의초교,127.72948,37.87511,춘천,2203,104,조운동
250002227,봉의중학교,127.74149,37.87932,춘천,2204,113,효자3동
250002228,봉의중학교,127.74159,37.87915,춘천,2205,113,효자3동
250002229,봉의아파트,127.74489,37.88675,춘천,2206,56,후평1동
250002230,봉의아파트,127.74413,37.88768,춘천,2207,56,후평1동
250002231,봉명리종점,127.81255,37.77377,춘천,2208,27,동산면
250002232,봉명2리,127.81103,37.77336,춘천,2209,27,동산면
250002233,봉명1리,127.79463,37.75785,춘천,2210,27,동산면
250002234,봉명1리1반,127.7945,37.75779,춘천,2211,27,동산면
250002235,보안사거리,127.75261,37.87534,춘천,2212,168,후평3동
250002236,보안사거리,127.75241,37.87542,춘천,2213,168,후평2동
250002237,주공5단지,127.74625,37.87636,춘천,2214,27,후평2동
250002238,주공5단지,127.74552,37.87619,춘천,2215,27,효자3동
250002239,법원,127.73414,37.86609,춘천,2216,121,효자2동
250002240,법원,127.73285,37.86609,춘천,2217,121,효자2동
250002241,법원,127.73311,37.8659,춘천,2218,121,효자2동
250002242,번개시장,127.72626,37.89205,춘천,2219,84,근화동
250002243,백양리종점,127.57333,37.81028,춘천,2220,10,남산면
250002244,백양리역,127.6123,37.8277,춘천,2221,10,남산면
250002245,백양리역,127.6124,37.8277,춘천,2222,10,남산면
250002246,백양리,127.55995,37.82778,춘천,2223,10,남산면
250002247,백양리,127.56018,37.82779,춘천,2224,10,남산면
250002248,백양1리,127.56262,37.82402,춘천,2225,10,남산면
250002249,백양1리,127.56272,37.8241,춘천,2226,10,남산면
250002250,오음리고개정상,127.79036,37.99437,춘천,0,12,
250002251,오음리고개정상,127.79054,37.99397,춘천,0,12,
250002252,배나무골,127.71745,37.85995,춘천,2229,12,강남동
250002253,배나무골,127.717,37.85983,춘천,2230,12,강남동
250002255,방죽기,127.73603,37.83553,춘천,2231,28,신동면
250002256,방죽기,127.73615,37.83551,춘천,2232,28,신동면
250002257,송암스포츠타운,127.68863,37.85578,춘천,2233,18,강남동
250002258,방동리종점,127.66544,37.90904,춘천,2234,22,서면
250002259,방동2리,127.67505,37.90053,춘천,2235,22,서면
250002260,방동2리,127.6732,37.90395,춘천,2236,22,서면
250002261,방동2리,127.66854,37.90705,춘천,2237,22,서면
250002262,방동2리,127.66859,37.90711,춘천,2238,22,서면
250002263,방동2리,127.6732,37.90406,춘천,2239,22,서면
250002264,방동2리,127.67514,37.90063,춘천,2240,22,서면
250002265,장절공,127.66183,37.90176,춘천,2241,36,서면
250002266,방동1리,127.67528,37.89575,춘천,2242,36,서면
250026527,동춘슈퍼,127.73971,37.8814,춘천,2243,37,교동
250026528,보배아파트후문,127.71242,37.86661,춘천,2244,25,강남동
250026511,보배아파트후문,127.71259,37.86684,춘천,2245,25,강남동
250026515,현진에버빌1차아파트,127.74616,37.85251,춘천,1661,34,석사동
250026514,퇴계동/스무숲성당,127.7472,37.8524,춘천,2322,25,석사동
250026512,럭키아파트후문,127.71589,37.86461,춘천,2248,25,강남동
250026513,럭키아파트후문,127.71602,37.86483,춘천,2249,25,강남동
250026516,송암스포츠타운,127.68883,37.85569,춘천,2250,19,강남동
250026517,동춘슈퍼,127.73989,37.88126,춘천,2251,25,교동
250026518,원창2리,127.77557,37.80167,춘천,2252,36,동산면
250026519,원창2리,127.77567,37.80157,춘천,2253,36,동산면
250026520,한림성심대학교,127.75513,37.89835,춘천,2254,129,동면
250026521,한림성심대학교,127.75522,37.89835,춘천,2255,129,동면
250026522,지내리,127.78156,37.91843,춘천,2256,,동면
250026523,지내3리,127.77711,37.92251,춘천,2257,,동면
250026524,지내리,127.78159,37.91848,춘천,2258,19,동면
250026525,지내3리,127.77715,37.92252,춘천,2259,19,동면
250026526,상걸리종점,127.86237,37.85097,춘천,2260,29,동면
250026510,국군병원,127.72774,37.93689,춘천,2261,10,신사우동
250000040,한덕리,127.61356,37.67885,춘천,2262,12,남면
250000041,한덕리입구,127.61177,37.67707,춘천,2263,12,남면
250000042,한덕리입구,127.61166,37.67723,춘천,2264,12,남면
250026530,조양3리종점,127.83287,37.75109,춘천,2265,22,동산면
250026531,유앤아이아파트,127.76324,37.87981,춘천,2266,140,동면
250026532,스위첸아파트,127.76337,37.8797,춘천,2267,140,동면
250026533,동신장로교회,127.75956,37.87807,춘천,2268,140,동면
250026534,구름다리주유소,127.75965,37.87791,춘천,2269,140,동면
250026535,강원사대부고,127.74747,37.87205,춘천,2270,15,효자3동
250026536,강원사대부고,127.74732,37.87192,춘천,2271,15,효자2동
250026537,케이티앤지,127.72784,37.86164,춘천,2272,182,퇴계동
250026538,신축남춘천역사,127.7247,37.8634,춘천,,,
250026539,농산물도매시장,127.72831,37.90682,춘천,2274,18,신사우동
250026540,농산물도매시장,127.72832,37.90702,춘천,2275,18,신사우동
250026541,우두사거리,127.73859,37.9069,춘천,2276,18,신사우동
250026542,우두사거리,127.73867,37.90704,춘천,2277,18,신사우동
250026543,홈플러스,127.73524,37.85079,춘천,2278,102,퇴계동
250026544,올미,127.73908,37.92214,춘천,2279,64,신사우동
250026546,올미입구,127.73914,37.92228,춘천,2281,64,신사우동
250026547,금대울,127.78779,37.86737,춘천,2283,27,동면
250026548,호반베르디움,127.75937,37.85715,춘천,2284,72,동내면
250026549,남춘천역,127.7231,37.8639,춘천,2285,102,퇴계동
250026550,소양강처녀상,127.725,37.89351,춘천,2286,,근화동
250026551,소양강처녀상,127.724,37.893,춘천,2287,,근화동
250026552,춘천역,127.7181,37.8851,춘천,2288,72,근화동
250026553,효자교,127.72885,37.86815,춘천,2289,53,효자1동
250026554,퇴계일성아파트,127.72678,37.86621,춘천,2290,53,퇴계동
250026555,퇴계일성아파트,127.72695,37.86612,춘천,2291,53,퇴계동
250026556,효자교,127.72887,37.86792,춘천,2292,53,효자2동
250026557,당간지주입구,127.72188,37.8913,춘천,2293,68,근화동
250026558,당간지주입구,127.72202,37.89126,춘천,2294,68,근화동
250026559,남춘천역,127.72331,37.86412,춘천,2295,102,퇴계동
250026560,백양리역,127.58876,37.83118,춘천,2296,8,남산면
250026561,백양리역,127.58832,37.8311,춘천,2297,8,남산면
250026562,굴봉산역,127.5574,37.8327,춘천,2298,8,남산면
250026563,굴봉산역,127.55733,37.83251,춘천,2299,8,남산면
250026564,성신양회,127.7203,37.8886,춘천,2300,132,근화동
250026567,강촌역,127.6337,37.80627,춘천,2303,75,남산면
250026568,강촌역,127.63371,37.80637,춘천,2304,75,남산면
250026569,강촌역입구,127.6365,37.806,춘천,2305,75,남산면
250026570,강촌역입구,127.6367,37.806,춘천,2306,75,남산면
250026571,소양5교,127.75161,37.92461,춘천,2307,,
250026572,막국수체험관,127.7498,37.9484,춘천,2308,4,신북읍
250026573,옥광산,127.8056,37.921,춘천,2309,24,동면
250026574,남춘천역,127.7248,37.8636,춘천,2310,18,퇴계동
250026575,광판농협입구,127.70744,37.7354,춘천,2311,21,남산면
250026576,광판농협입구,127.7075,37.7351,춘천,2312,21,남산면
250026577,원창3리,127.7666,37.7935,춘천,2313,45,동산면
250026578,원창3리,127.7664,37.79308,춘천,2314,45,동산면
250026579,갈골교,127.7403,37.7831,춘천,2315,,동산면
250026580,갈골교,127.74034,37.7828,춘천,2316,9,동산면
250026581,남춘천역종점,127.72478,37.86398,춘천,2317,18,퇴계동
250026582,케이티앤지,127.7274,37.8615,춘천,2318,165,퇴계동
250026583,휴먼시아2차,127.733,37.86071,춘천,2319,62,퇴계동
250026584,휴먼시아1차,127.7332,37.86087,춘천,2320,62,퇴계동
250026586,(구)안디옥교회입구,127.7281,37.86379,춘천,2321,,
250026589,퇴계동/스무숲성당,127.7471,37.8525,춘천,2322,25,석사동
250026593,느랏재터널입구,127.8206,37.89437,춘천,2326,3,동면
250026594,느랏재터널입구,127.81886,37.88567,춘천,2327,10,동면
250026595,소양강댐정상,127.81209,37.94769,춘천,2328,52,신북읍
250026597,청평사종점,127.81775,37.98042,춘천,2329,2,북산면
250026599,석사교사거리,127.73965,37.85737,춘천,2331,31,석사동
250026600,전원주택입구,127.70025,37.98555,춘천,2332,7,사북면
250026601,전원주택입구,127.70038,37.98582,춘천,2333,7,사북면
250026602,봉의산마트입구,127.75105,37.88858,춘천,,,후평1동
250026603,수협,127.72791,37.86973,춘천,2335,121,효자1동
250026604,월송2리입구,127.70589,37.91481,춘천,2336,23,서면
250026605,월송2리입구,127.70613,37.91482,춘천,2337,23,서면
250026606,장절공입구,127.66398,37.90071,춘천,2338,14,서면
250026607,장절공입구,127.6641,37.90061,춘천,2339,14,서면
250026608,호수요양병원,127.6959,37.98254,춘천,2340,7,사북면
250026609,율문3리입구,127.7518,37.93405,춘천,2341,18,신북읍
250026610,고탄농협,127.70943,37.9881,춘천,2342,7,사북면
250026611,고탄농협,127.70928,37.98821,춘천,2343,7,사북면
250026617,공단입구,127.7499,37.89101,춘천,2344,39,후평1동
250026618,공단입구,127.74996,37.89086,춘천,2345,62,후평1동
250026619,오탄2리입구,127.60929,38.04967,춘천,2346,4,사북면
250026620,오탄3리입구,127.61007,38.05073,춘천,2347,4,사북면
250026621,삼포,127.71267,37.79906,춘천,2348,13,신동면
250026622,방아간앞,127.77834,37.93805,춘천,2349,8,신북읍
250026623,침례교회앞,127.77932,37.93931,춘천,2350,8,신북읍
250026624,원정사입구,127.7793,37.94188,춘천,2351,8,신북읍
250026625,유포리,127.77861,37.94605,춘천,2352,8,신북읍
250026626,국유림관리소앞,127.77341,37.93095,춘천,2353,8,신북읍
250026627,상걸2리,127.85525,37.85547,춘천,2354,3,동면
250026628,상걸2리,127.8561,37.85477,춘천,2355,6,동면
250026629,한화제약입구,127.56784,37.75663,춘천,2356,8,남면
250026630,한화제약입구,127.5675,37.75686,춘천,2357,8,남면
250026631,박암리,127.5292,37.73051,춘천,2358,4,남면
250026632,부강연립앞,127.71219,37.87869,춘천,2359,40,근화동
250026633,당림1리3반,127.61665,37.85903,춘천,2360,6,서면
250026634,당림1리5반,127.60552,37.846,춘천,2361,6,서면
250026635,풀무원입구,127.60803,37.84255,춘천,2362,6,서면
250026636,당림리,127.60195,37.8502,춘천,2363,6,서면
250026637,신촌리입구,127.77535,37.85403,춘천,2364,8,동내면
250026638,당림1리5반,127.60101,37.85301,춘천,2365,6,서면
250026639,덕두원주말농장,127.64075,37.87423,춘천,2366,6,서면
250026640,덕두원주말농장,127.64089,37.8742,춘천,2367,6,서면
250026641,산수1리,127.67589,37.70885,춘천,2368,6,남산면
250026642,강원도시가스,127.74819,37.8861,춘천,2369,26,후평1동
250026643,강원도시가스,127.7479,37.88591,춘천,2370,26,후평1동
250026644,소양1교,127.73183,37.89382,춘천,2371,26,근화동
250026645,소양로1가,127.72952,37.89379,춘천,2372,31,근화동
250026646,평화공원,127.71776,37.88912,춘천,2373,26,근화동
250026647,평화공원,127.71811,37.88902,춘천,2374,26,근화동
250026649,부강연립,127.71178,37.87849,춘천,2376,26,근화동
250026650,강원대정문,127.73784,37.86634,춘천,2632,,
250026651,강원대정문,127.73786,37.86658,춘천,2633,,
250026652,자연과학대학쪽문,127.74127,37.87219,춘천,2379,,
250026653,강원학생과학관입구,127.74097,37.87204,춘천,2380,,
250026655,천전삼거리,127.78151,37.93013,춘천,2382,4,신북읍
250026656,상천초교입구,127.78335,37.93391,춘천,2383,4,신북읍
250026657,상천초교입구,127.78315,37.93384,춘천,2384,4,신북읍
250026658,롯데마트,127.75832,37.86672,춘천,2385,48,석사동
250026659,롯데마트,127.75846,37.86672,춘천,2386,48,석사동
250026660,스무숲입구,127.7487,37.85055,춘천,2387,17,석사동
250026661,고용노동부,127.74465,37.85151,춘천,2388,26,석사동
250026662,강원체고앞,127.6928,37.8591,춘천,2389,9,강남동
250026663,강원체고앞,127.6925,37.85909,춘천,2390,18,강남동
250026664,춘천공원묘지,127.78518,37.94298,춘천,2391,4,동산면
250026665,노일교,127.64108,37.79474,춘천,2392,14,남산면
250026666,노일교,127.64107,37.79484,춘천,2393,5,남산면
250026667,갈골,127.74001,37.78095,춘천,2394,3,동산면
250026668,솔바우마을,127.6932,37.98989,춘천,2395,1,사북면
250026669,서부지구대,127.71295,37.87461,춘천,2396,40,근화동
250026670,창촌2리입구,127.6465,37.78552,춘천,2397,14,남산면
250026671,창촌2리입구,127.64664,37.78548,춘천,2398,14,남산면
250026672,창촌농공단지,127.64121,37.78381,춘천,2399,14,남산면
250026673,삼포유원지,127.71229,37.796,춘천,2400,19,신동면
250026674,삼포유원지,127.71249,37.79575,춘천,2401,5,신동면
250026675,혈동1리,127.7141,37.77559,춘천,2402,19,신동면
250026676,덕만리혈동1리입구,127.71338,37.77319,춘천,2403,19,신동면
250026677,보매기,127.64315,37.78474,춘천,2404,14,남산면
250026678,춘천여고,127.76399,37.88716,춘천,2405,63,동면
250026679,유포1리,127.7618,37.94865,춘천,2406,,신북읍
250026680,월송1리,127.69207,37.92935,춘천,2407,4,서면
250026681,월송1리,127.69655,37.93055,춘천,2408,4,서면
250026682,서천2리,127.53307,37.83785,춘천,2409,5,남산면
250026683,서천1리,127.54411,37.84316,춘천,2410,5,남산면
250026684,서천1리,127.5453,37.84327,춘천,2411,,남산면
250026685,충의대교,127.58925,37.72662,춘천,2412,,서면
250026686,신촌1리,127.78532,37.8553,춘천,2413,22,동내면
250026687,신촌1리,127.78535,37.8551,춘천,2414,22,동내면
250026688,행촌리종점,127.67478,37.74733,춘천,2415,2,남산면
250026689,홈플러스,127.73406,37.85075,춘천,2416,19,퇴계동
250026690,만천주공아파트,127.75938,37.88426,춘천,2417,62,동면
250026691,만천주공아파트,127.75937,37.88436,춘천,2418,63,동면
250026692,새고개,127.71957,37.79999,춘천,2419,14,신동면
250026693,서천분교,127.5554,37.83593,춘천,2420,5,남산면
250026694,서천분교,127.55523,37.83619,춘천,2421,5,남산면
250026695,발산1리1반,127.60257,37.73213,춘천,2422,8,남면
250026696,발산1리1반,127.602,37.73206,춘천,2423,9,남면
250026697,당림초교,127.6079,37.83722,춘천,2424,6,서면
250026698,거두1리1반,127.77386,37.86084,춘천,2425,13,동내면
250026699,지내리,127.72798,37.9436,춘천,2426,8,동면
250026700,감정리,127.78819,37.90007,춘천,2575,15,동면
250026701,만천3리,127.7809,37.87507,춘천,2428,9,동면
250026702,올미,127.73416,37.93036,춘천,2429,5,신사우동
250026703,올미,127.73428,37.93038,춘천,2430,5,신사우동
250026704,당림리,127.605,37.83387,춘천,2431,,서면
250026705,방동리입구,127.6892,37.89487,춘천,2432,13,서면
250026706,서상마을회관,127.6611,37.93532,춘천,2433,5,서면
250026707,서상2리,127.67055,37.93649,춘천,2434,5,서면
250026708,서상2리,127.67701,37.93805,춘천,2435,5,서면
250026709,서상2리,127.6649,37.93611,춘천,2436,5,서면
250026710,우러니입구,127.69132,37.73582,춘천,1283,2,남산면
250026711,강촌수련원앞,127.6011,37.82917,춘천,2438,,남산면
250026712,덕두원2리1반,127.6623,37.85747,춘천,2439,,서면
250026713,검문소종점,127.76238,37.82007,춘천,,,서면
250026714,한국산업인력공단,127.76223,37.82083,춘천,,,동내면
250026715,창촌3리2반,127.6402,37.77566,춘천,2442,4,남산면
250026716,관천리종점,127.51235,37.72338,춘천,2443,3,남면
250026717,산천2리종점 ,127.74758,37.96099,춘천,2444,7,신북읍
250026718,오항리종점,127.90441,37.97751,춘천,2445,6,북산면
250026719,청평사종점,127.81763,37.98044,춘천,2446,2,북산면
250026720,양통종점,127.73786,38.00188,춘천,2447,6,사북면
250026721,오탄리종점,127.58151,38.05263,춘천,2448,4,사북면
250026722,수동1리종점,127.67931,37.77334,춘천,2449,4,남산면
250026723,창촌3리종점,127.62605,37.77674,춘천,2450,4,남산면
250026724,혈동1리종점,127.69999,37.77156,춘천,2451,14,신동면
250026725,증4리,127.73108,37.79876,춘천,2452,14,신동면
250026726,혈동2리종점,127.68745,37.78527,춘천,2453,7,신동면
250026727,서상2리종점,127.65796,37.93438,춘천,2454,5,서면
250026728,방동리종점,127.66556,37.90907,춘천,2455,11,서면
250026729,백양리종점,127.57326,37.81032,춘천,2456,5,서면
250026730,유포2리종점,127.77681,37.95236,춘천,2457,7,신북읍
250026731,가정리종점,127.5774,37.76331,춘천,2458,9,남면
250026732,발산리종점,127.76644,37.9628,춘천,2459,9,신북읍
250026733,거두2리종점,127.78735,37.86114,춘천,,,동내면
250026734,용산3리종점,127.7075,37.94648,춘천,2461,23,신북읍
250026735,지내2리종점,127.72099,37.95975,춘천,,,신북읍
250026736,올미종점,127.73725,37.92629,춘천,2463,5,신사우동
250026737,지암리종점,127.59532,37.97542,춘천,2464,5,사북면
250026738,재취골,127.73137,37.7892,춘천,2465,3,동산면
250026739,조양3리종점,127.83273,37.7511,춘천,2466,4,동산면
250026740,봉명리종점,127.81239,37.77383,춘천,2467,3,동산면
250026741,구곡폭포종점,127.61657,37.79721,춘천,2468,15,남산면
250026742,안보2리종점,127.57649,37.84989,춘천,2469,6,서면
250026743,당림3반종점,127.61857,37.86235,춘천,2470,6,서면
250026744,덕두2리종점,127.6294,37.88322,춘천,2471,6,서면
250026745,창총농공단지,127.64133,37.78371,춘천,2472,14,남산면
250026746,방곡2리종점,127.62929,37.78819,춘천,2473,12,남산면
250026747,설미종점,127.67907,37.80988,춘천,2474,7,신동면
250026748,월곡리종점,127.80804,37.92263,춘천,2475,24,동면
250026749,월송3리종점,127.67544,37.91701,춘천,2476,2,서면
250026750,애니메이션박물관,127.68981,37.89259,춘천,2477,11,서면
250026751,오월리종점,127.62511,37.96632,춘천,2478,3,서면
250026752,공대후문,127.73786,37.86949,춘천,2479,,
250026753,공대후문,127.73809,37.86949,춘천,2480,,
250026754,가재미마을,127.68595,37.926,춘천,2481,,
250026755,월송1리,127.68391,37.9292,춘천,2482,4,서면
250026756,월송1리,127.68006,37.92797,춘천,2483,4,서면
250026757,월송2리,127.69365,37.91846,춘천,2484,,서면
250026758,삽다리고개,127.65824,37.73669,춘천,2485,4,남면
250026759,추곡리,127.8803,38.02973,춘천,2486,6,남면
250026760,창촌3리삼거리,127.64252,37.77079,춘천,2487,12,남산면
250026761,전력산업단지,127.6274,37.76463,춘천,2488,4,남산면
250026762,백치고개정상,127.81564,38.00304,춘천,2489,2,북산면
250026763,광판삼거리,127.71165,37.74378,춘천,2490,5,남산면
250026764,호수요양병원,127.6956,37.98248,춘천,2491,7,사북면
250026765,거두리종점,127.79178,37.86158,춘천,2492,,동내면
250026766,춘천여고입구,127.76414,37.88698,춘천,2493,,동면
250026767,한신휴플러스,127.72593,37.88424,춘천,2494,25,소양동
250026768,e편한세상,127.72612,37.88427,춘천,2495,25,소양동
250026769,사암2리 마을회관,127.76679,37.83983,춘천,2496,9,동내면
250026770,사암2리,127.77047,37.83562,춘천,2497,9,동내면
250026771,거두1리1반,127.7697,37.86035,춘천,2498,4,동내면
250026772,사암4리,127.76405,37.82373,춘천,2499,115,동내면
250026773,사암리,127.76766,37.82608,춘천,2500,23,동내면
250026774,의암리입구,127.68163,37.82742,춘천,2531,8,신동면
250026775,의암리입구,127.68137,37.82757,춘천,2532,8,신동면
250026776,학곡리,127.76288,37.82177,춘천,2503,101,동내면
250026777,증4리,127.72803,37.79941,춘천,2504,14,신동면
250026778,장학교차로,127.75562,37.89386,춘천,2505,102,동면
250026779,장학해온채아파트,127.75407,37.89708,춘천,2506,5,동면
250026780,장학해온채아파트,127.75377,37.8983,춘천,2507,5,동면
250026781,꿈자람어린이공원,127.72033,37.88369,춘천,2508,66,근화동
250026782,꿈자람어린이공원,127.7201,37.88362,춘천,2509,66,근화동
250026783,성우호반통학,127.75679,37.85664,춘천,2510,,
250026784,우레골입구,127.6052,38.04559,춘천,2511,,사북면
250026785,오월2리,127.6272,37.96821,춘천,2512,3,서면
250026786,오월2리,127.62918,37.96969,춘천,2513,3,서면
250026787,오월2리,127.63555,37.97157,춘천,2514,3,서면
250026788,강원숲체험장입구,127.64079,37.97168,춘천,2515,3,서면
250026789,오월2리,127.64156,37.97515,춘천,2516,3,서면
250026790,오월리납실교,127.64305,37.97862,춘천,2517,3,서면
250026791,증4리,127.72807,37.79945,춘천,2518,14,신동면
250026792,장학1리마을회관,127.7635,37.89681,춘천,2519,18,동면
250026793,장학1리마을회관,127.7635,37.89696,춘천,2520,6,동면
250026794,하일종점,127.75504,37.91388,춘천,2521,10,동면
250026795,하일,127.75688,37.9137,춘천,2522,10,동면
250026796,장학2리,127.75673,37.91067,춘천,2524,10,동면
250026797,장학2리,127.75471,37.90758,춘천,2527,10,동면
250026798,장학2리마을회관,127.75374,37.90571,춘천,2525,10,동면
250026799,장학2리마을회관,127.7538,37.90562,춘천,2526,10,동면
250026800,장학2리입구,127.75484,37.90757,춘천,2640,,동면
250026801,장학2리입구,127.75682,37.91077,춘천,2641,,동면
250026802,하일,127.75696,37.91376,춘천,2529,5,동면
250026803,팔미1리,127.71026,37.82982,춘천,2530,15,신동면
250026804,의암리입구,127.68194,37.8273,춘천,2531,8,신동면
250026805,의암리입구,127.6811,37.82786,춘천,2532,8,신동면
250026806,효장례문화원,127.77615,37.85762,춘천,2533,17,동내면
250026807,퇴계농공단지,127.74034,37.8436,춘천,2534,1,퇴계동
250026808,퇴계농공단지,127.73615,37.84485,춘천,2535,1,퇴계동
250026809,도재활병원삼거리,127.73836,37.90313,춘천,2536,7,신사우동
250026810,강원도재활병원,127.74197,37.90388,춘천,2537,7,신사우동
250026811,우두사거리,127.74019,37.9069,춘천,2538,7,신사우동
250026812,거두농공단지,127.77879,37.8658,춘천,2539,17,동내면
250026813,거두농공단지종점,127.78144,37.86698,춘천,2540,17,동내면
250026814,거두농공단지종점,127.78136,37.86709,춘천,2541,17,동내면
250026815,거두농공단지,127.77872,37.86591,춘천,2542,17,동내면
250026816,강원도재활병원,127.74184,37.9039,춘천,2543,7,신사우동
250026819,추곡약수터입구,127.88961,38.03016,춘천,2546,6,북산면
250026820,군자2리,127.73528,37.78827,춘천,2547,3,동산면
250026821,팔미1리,127.7104,37.82936,춘천,2548,15,신동면
250026822,산촌생태마을,127.63616,37.88022,춘천,2549,6,서면
250026823,지내1리종점,127.73276,37.96722,춘천,2550,8,신북읍
250026824,지내2리성문산,127.72004,37.96121,춘천,2551,8,신북읍
250026825,지내2리샘골,127.72277,37.96277,춘천,2552,,신북읍
250026826,지내1리,127.72742,37.9641,춘천,2553,8,신북읍
250026827,지내1리,127.73013,37.96515,춘천,2554,8,신북읍
250026828,소망마을,127.78361,37.93342,춘천,2555,1,신북읍
250026829,해강아파트,127.7896,37.93281,춘천,2556,1,신북읍
250026830,장학부영아파트,127.7527,37.8964,춘천,2557,25,동면
250026831,장학LH1단지,127.75255,37.89636,춘천,2558,25,동면
250026832,당림1리,127.60101,37.8552,춘천,2559,,서면
250026833,칠전대우아파트,127.7134,37.84427,춘천,2560,,강남동
250026834,칠전대우아파트,127.71306,37.8449,춘천,2561,9,강남동
250026835,의암댐,127.67723,37.8375,춘천,2562,,신동면
250026836,의암댐,127.67714,37.8375,춘천,2563,,신동면
250026837,원창교,127.74384,37.78718,춘천,2564,3,동산면
250026838,창촌3리,127.63645,37.7687,춘천,2565,4,남산면
250026839,신동교,127.72087,37.93467,춘천,2566,48,신사우동
250026840,보매기,127.64375,37.78479,춘천,2567,14,남산면
250026841,산수2리,127.68129,37.70216,춘천,2568,6,남산면
250026842,증4리,127.72348,37.80011,춘천,2569,14,신동면
250026843,송암리,127.69766,37.98875,춘천,2570,6,사북면
250026844,오월교,127.64867,37.97968,춘천,2571,8,서면
250026846,춘천요양병원,127.7535,37.8487,춘천,,,석사동
250026847,운전면허시험장,127.75085,37.94759,춘천,2574,7,신북읍
250026848,감정리,127.78669,37.9039,춘천,2575,18,동면
250026849,지내리,127.72855,37.95138,춘천,2576,8,동면
250026850,큰물건너입구,127.6823,37.98199,춘천,2577,6,사북면
250026851,서천리주명교,127.5528,37.8433,춘천,2578,5,남산면
250026852,청소년야영장정문,127.87948,37.99853,춘천,2579,6,북산면
250026853,청소년야영장정문,127.87962,37.99855,춘천,2580,6,북산면
250026854,군자3리,127.75524,37.75996,춘천,2581,5,동산면
250026855,방곡2리,127.63282,37.78882,춘천,2582,19,남산면
250026856,월곡리입구,127.79428,37.91689,춘천,2583,21,동면
250026857,조양삼거리,127.76475,37.76734,춘천,2584,5,동산면
250026858,오월교,127.64924,37.97957,춘천,2585,8,서면
250026859,산수1리마을회관,127.66807,37.71399,춘천,2586,6,남산면
250026860,강촌입구,127.63192,37.81934,춘천,2587,11,서면
250026861,혈동1리,127.70679,37.76877,춘천,2588,14,신동면
250026862,오빛뜰체험관,127.88808,37.98529,춘천,2589,6,북산면
250026863,오빛뜰체험관,127.88804,37.98543,춘천,2590,6,북산면
250026866,옥광산,127.80552,37.92103,춘천,2591,21,동면
